image,Banana,Orange,Red-Bell-Pepper,aluminium-form,bread,cocaCola,doritos,red-bull,shampoo-H&S,tea,yogurt-toni-mix
Productos/Train_Aumentado\aluminium-form\aug_0_aluminium_form_001.jpg,0,0,0,1,0,0,0,0,0,0,0
Productos/Train_Aumentado\aluminium-form\aug_0_aluminium_form_002.jpg,0,0,0,1,0,0,0,0,0,0,0
Productos/Train_Aumentado\aluminium-form\aug_0_aluminium_form_003.jpg,0,0,0,1,0,0,0,0,0,0,0
Productos/Train_Aumentado\aluminium-form\aug_0_aluminium_form_004.jpg,0,0,0,1,0,0,0,0,0,0,0
Productos/Train_Aumentado\aluminium-form\aug_0_aluminium_form_005.jpg,0,0,0,1,0,0,0,0,0,0,0
Productos/Train_Aumentado\aluminium-form\aug_0_aluminium_form_006.jpg,0,0,0,1,0,0,0,0,0,0,0
Productos/Train_Aumentado\aluminium-form\aug_0_aluminium_form_007.jpg,0,0,0,1,0,0,0,0,0,0,0
Productos/Train_Aumentado\aluminium-form\aug_0_aluminium_form_008.jpg,0,0,0,1,0,0,0,0,0,0,0
Productos/Train_Aumentado\aluminium-form\aug_0_aluminium_form_009.jpg,0,0,0,1,0,0,0,0,0,0,0
Productos/Train_Aumentado\aluminium-form\aug_0_aluminium_form_010.jpg,0,0,0,1,0,0,0,0,0,0,0
Productos/Train_Aumentado\aluminium-form\aug_0_aluminium_form_011.jpg,0,0,0,1,0,0,0,0,0,0,0
Productos/Train_Aumentado\aluminium-form\aug_0_aluminium_form_012.jpg,0,0,0,1,0,0,0,0,0,0,0
Productos/Train_Aumentado\aluminium-form\aug_0_aluminium_form_013.jpg,0,0,0,1,0,0,0,0,0,0,0
Productos/Train_Aumentado\aluminium-form\aug_0_aluminium_form_014.jpg,0,0,0,1,0,0,0,0,0,0,0
Productos/Train_Aumentado\aluminium-form\aug_0_aluminium_form_015.jpg,0,0,0,1,0,0,0,0,0,0,0
Productos/Train_Aumentado\aluminium-form\aug_1_aluminium_form_001.jpg,0,0,0,1,0,0,0,0,0,0,0
Productos/Train_Aumentado\aluminium-form\aug_1_aluminium_form_002.jpg,0,0,0,1,0,0,0,0,0,0,0
Productos/Train_Aumentado\aluminium-form\aug_1_aluminium_form_003.jpg,0,0,0,1,0,0,0,0,0,0,0
Productos/Train_Aumentado\aluminium-form\aug_1_aluminium_form_004.jpg,0,0,0,1,0,0,0,0,0,0,0
Productos/Train_Aumentado\aluminium-form\aug_1_aluminium_form_005.jpg,0,0,0,1,0,0,0,0,0,0,0
Productos/Train_Aumentado\aluminium-form\aug_1_aluminium_form_006.jpg,0,0,0,1,0,0,0,0,0,0,0
Productos/Train_Aumentado\aluminium-form\aug_1_aluminium_form_007.jpg,0,0,0,1,0,0,0,0,0,0,0
Productos/Train_Aumentado\aluminium-form\aug_1_aluminium_form_008.jpg,0,0,0,1,0,0,0,0,0,0,0
Productos/Train_Aumentado\aluminium-form\aug_1_aluminium_form_009.jpg,0,0,0,1,0,0,0,0,0,0,0
Productos/Train_Aumentado\aluminium-form\aug_1_aluminium_form_010.jpg,0,0,0,1,0,0,0,0,0,0,0
Productos/Train_Aumentado\aluminium-form\aug_1_aluminium_form_011.jpg,0,0,0,1,0,0,0,0,0,0,0
Productos/Train_Aumentado\aluminium-form\aug_1_aluminium_form_012.jpg,0,0,0,1,0,0,0,0,0,0,0
Productos/Train_Aumentado\aluminium-form\aug_1_aluminium_form_013.jpg,0,0,0,1,0,0,0,0,0,0,0
Productos/Train_Aumentado\aluminium-form\aug_1_aluminium_form_014.jpg,0,0,0,1,0,0,0,0,0,0,0
Productos/Train_Aumentado\aluminium-form\aug_1_aluminium_form_015.jpg,0,0,0,1,0,0,0,0,0,0,0
Productos/Train_Aumentado\aluminium-form\aug_2_aluminium_form_001.jpg,0,0,0,1,0,0,0,0,0,0,0
Productos/Train_Aumentado\aluminium-form\aug_2_aluminium_form_002.jpg,0,0,0,1,0,0,0,0,0,0,0
Productos/Train_Aumentado\aluminium-form\aug_2_aluminium_form_003.jpg,0,0,0,1,0,0,0,0,0,0,0
Productos/Train_Aumentado\aluminium-form\aug_2_aluminium_form_004.jpg,0,0,0,1,0,0,0,0,0,0,0
Productos/Train_Aumentado\aluminium-form\aug_2_aluminium_form_005.jpg,0,0,0,1,0,0,0,0,0,0,0
Productos/Train_Aumentado\aluminium-form\aug_2_aluminium_form_006.jpg,0,0,0,1,0,0,0,0,0,0,0
Productos/Train_Aumentado\aluminium-form\aug_2_aluminium_form_007.jpg,0,0,0,1,0,0,0,0,0,0,0
Productos/Train_Aumentado\aluminium-form\aug_2_aluminium_form_008.jpg,0,0,0,1,0,0,0,0,0,0,0
Productos/Train_Aumentado\aluminium-form\aug_2_aluminium_form_009.jpg,0,0,0,1,0,0,0,0,0,0,0
Productos/Train_Aumentado\aluminium-form\aug_2_aluminium_form_010.jpg,0,0,0,1,0,0,0,0,0,0,0
Productos/Train_Aumentado\aluminium-form\aug_2_aluminium_form_011.jpg,0,0,0,1,0,0,0,0,0,0,0
Productos/Train_Aumentado\aluminium-form\aug_2_aluminium_form_012.jpg,0,0,0,1,0,0,0,0,0,0,0
Productos/Train_Aumentado\aluminium-form\aug_2_aluminium_form_013.jpg,0,0,0,1,0,0,0,0,0,0,0
Productos/Train_Aumentado\aluminium-form\aug_2_aluminium_form_014.jpg,0,0,0,1,0,0,0,0,0,0,0
Productos/Train_Aumentado\aluminium-form\aug_2_aluminium_form_015.jpg,0,0,0,1,0,0,0,0,0,0,0
Productos/Train_Aumentado\aluminium-form\aug_3_aluminium_form_001.jpg,0,0,0,1,0,0,0,0,0,0,0
Productos/Train_Aumentado\aluminium-form\aug_3_aluminium_form_002.jpg,0,0,0,1,0,0,0,0,0,0,0
Productos/Train_Aumentado\aluminium-form\aug_3_aluminium_form_003.jpg,0,0,0,1,0,0,0,0,0,0,0
Productos/Train_Aumentado\aluminium-form\aug_3_aluminium_form_004.jpg,0,0,0,1,0,0,0,0,0,0,0
Productos/Train_Aumentado\aluminium-form\aug_3_aluminium_form_005.jpg,0,0,0,1,0,0,0,0,0,0,0
Productos/Train_Aumentado\aluminium-form\aug_3_aluminium_form_006.jpg,0,0,0,1,0,0,0,0,0,0,0
Productos/Train_Aumentado\aluminium-form\aug_3_aluminium_form_007.jpg,0,0,0,1,0,0,0,0,0,0,0
Productos/Train_Aumentado\aluminium-form\aug_3_aluminium_form_008.jpg,0,0,0,1,0,0,0,0,0,0,0
Productos/Train_Aumentado\aluminium-form\aug_3_aluminium_form_009.jpg,0,0,0,1,0,0,0,0,0,0,0
Productos/Train_Aumentado\aluminium-form\aug_3_aluminium_form_010.jpg,0,0,0,1,0,0,0,0,0,0,0
Productos/Train_Aumentado\aluminium-form\aug_3_aluminium_form_011.jpg,0,0,0,1,0,0,0,0,0,0,0
Productos/Train_Aumentado\aluminium-form\aug_3_aluminium_form_012.jpg,0,0,0,1,0,0,0,0,0,0,0
Productos/Train_Aumentado\aluminium-form\aug_3_aluminium_form_013.jpg,0,0,0,1,0,0,0,0,0,0,0
Productos/Train_Aumentado\aluminium-form\aug_3_aluminium_form_014.jpg,0,0,0,1,0,0,0,0,0,0,0
Productos/Train_Aumentado\aluminium-form\aug_3_aluminium_form_015.jpg,0,0,0,1,0,0,0,0,0,0,0
Productos/Train_Aumentado\aluminium-form\aug_4_aluminium_form_001.jpg,0,0,0,1,0,0,0,0,0,0,0
Productos/Train_Aumentado\aluminium-form\aug_4_aluminium_form_002.jpg,0,0,0,1,0,0,0,0,0,0,0
Productos/Train_Aumentado\aluminium-form\aug_4_aluminium_form_003.jpg,0,0,0,1,0,0,0,0,0,0,0
Productos/Train_Aumentado\aluminium-form\aug_4_aluminium_form_004.jpg,0,0,0,1,0,0,0,0,0,0,0
Productos/Train_Aumentado\aluminium-form\aug_4_aluminium_form_005.jpg,0,0,0,1,0,0,0,0,0,0,0
Productos/Train_Aumentado\aluminium-form\aug_4_aluminium_form_006.jpg,0,0,0,1,0,0,0,0,0,0,0
Productos/Train_Aumentado\aluminium-form\aug_4_aluminium_form_007.jpg,0,0,0,1,0,0,0,0,0,0,0
Productos/Train_Aumentado\aluminium-form\aug_4_aluminium_form_008.jpg,0,0,0,1,0,0,0,0,0,0,0
Productos/Train_Aumentado\aluminium-form\aug_4_aluminium_form_009.jpg,0,0,0,1,0,0,0,0,0,0,0
Productos/Train_Aumentado\aluminium-form\aug_4_aluminium_form_010.jpg,0,0,0,1,0,0,0,0,0,0,0
Productos/Train_Aumentado\aluminium-form\aug_4_aluminium_form_011.jpg,0,0,0,1,0,0,0,0,0,0,0
Productos/Train_Aumentado\aluminium-form\aug_4_aluminium_form_012.jpg,0,0,0,1,0,0,0,0,0,0,0
Productos/Train_Aumentado\aluminium-form\aug_4_aluminium_form_013.jpg,0,0,0,1,0,0,0,0,0,0,0
Productos/Train_Aumentado\aluminium-form\aug_4_aluminium_form_014.jpg,0,0,0,1,0,0,0,0,0,0,0
Productos/Train_Aumentado\aluminium-form\aug_4_aluminium_form_015.jpg,0,0,0,1,0,0,0,0,0,0,0
Productos/Train_Aumentado\aluminium-form\aug_5_aluminium_form_001.jpg,0,0,0,1,0,0,0,0,0,0,0
Productos/Train_Aumentado\aluminium-form\aug_5_aluminium_form_002.jpg,0,0,0,1,0,0,0,0,0,0,0
Productos/Train_Aumentado\aluminium-form\aug_5_aluminium_form_003.jpg,0,0,0,1,0,0,0,0,0,0,0
Productos/Train_Aumentado\aluminium-form\aug_5_aluminium_form_004.jpg,0,0,0,1,0,0,0,0,0,0,0
Productos/Train_Aumentado\aluminium-form\aug_5_aluminium_form_005.jpg,0,0,0,1,0,0,0,0,0,0,0
Productos/Train_Aumentado\aluminium-form\aug_5_aluminium_form_006.jpg,0,0,0,1,0,0,0,0,0,0,0
Productos/Train_Aumentado\aluminium-form\aug_5_aluminium_form_007.jpg,0,0,0,1,0,0,0,0,0,0,0
Productos/Train_Aumentado\aluminium-form\aug_5_aluminium_form_008.jpg,0,0,0,1,0,0,0,0,0,0,0
Productos/Train_Aumentado\aluminium-form\aug_5_aluminium_form_009.jpg,0,0,0,1,0,0,0,0,0,0,0
Productos/Train_Aumentado\aluminium-form\aug_5_aluminium_form_010.jpg,0,0,0,1,0,0,0,0,0,0,0
Productos/Train_Aumentado\aluminium-form\aug_5_aluminium_form_011.jpg,0,0,0,1,0,0,0,0,0,0,0
Productos/Train_Aumentado\aluminium-form\aug_5_aluminium_form_012.jpg,0,0,0,1,0,0,0,0,0,0,0
Productos/Train_Aumentado\aluminium-form\aug_5_aluminium_form_013.jpg,0,0,0,1,0,0,0,0,0,0,0
Productos/Train_Aumentado\aluminium-form\aug_5_aluminium_form_014.jpg,0,0,0,1,0,0,0,0,0,0,0
Productos/Train_Aumentado\aluminium-form\aug_5_aluminium_form_015.jpg,0,0,0,1,0,0,0,0,0,0,0
Productos/Train_Aumentado\Banana\aug_0_Banana_001.jpg,1,0,0,0,0,0,0,0,0,0,0
Productos/Train_Aumentado\Banana\aug_0_Banana_002.jpg,1,0,0,0,0,0,0,0,0,0,0
Productos/Train_Aumentado\Banana\aug_0_Banana_006.jpg,1,0,0,0,0,0,0,0,0,0,0
Productos/Train_Aumentado\Banana\aug_0_Banana_007.jpg,1,0,0,0,0,0,0,0,0,0,0
Productos/Train_Aumentado\Banana\aug_0_Banana_010.jpg,1,0,0,0,0,0,0,0,0,0,0
Productos/Train_Aumentado\Banana\aug_0_Banana_011.jpg,1,0,0,0,0,0,0,0,0,0,0
Productos/Train_Aumentado\Banana\aug_0_Banana_012.jpg,1,0,0,0,0,0,0,0,0,0,0
Productos/Train_Aumentado\Banana\aug_0_Banana_013.jpg,1,0,0,0,0,0,0,0,0,0,0
Productos/Train_Aumentado\Banana\aug_0_Banana_014.jpg,1,0,0,0,0,0,0,0,0,0,0
Productos/Train_Aumentado\Banana\aug_0_Banana_015.jpg,1,0,0,0,0,0,0,0,0,0,0
Productos/Train_Aumentado\Banana\aug_0_Banana_016.jpg,1,0,0,0,0,0,0,0,0,0,0
Productos/Train_Aumentado\Banana\aug_0_Banana_018.jpg,1,0,0,0,0,0,0,0,0,0,0
Productos/Train_Aumentado\Banana\aug_0_Banana_019.jpg,1,0,0,0,0,0,0,0,0,0,0
Productos/Train_Aumentado\Banana\aug_0_Banana_020.jpg,1,0,0,0,0,0,0,0,0,0,0
Productos/Train_Aumentado\Banana\aug_1_Banana_001.jpg,1,0,0,0,0,0,0,0,0,0,0
Productos/Train_Aumentado\Banana\aug_1_Banana_002.jpg,1,0,0,0,0,0,0,0,0,0,0
Productos/Train_Aumentado\Banana\aug_1_Banana_003.jpg,1,0,0,0,0,0,0,0,0,0,0
Productos/Train_Aumentado\Banana\aug_1_Banana_004.jpg,1,0,0,0,0,0,0,0,0,0,0
Productos/Train_Aumentado\Banana\aug_1_Banana_005.jpg,1,0,0,0,0,0,0,0,0,0,0
Productos/Train_Aumentado\Banana\aug_1_Banana_006.jpg,1,0,0,0,0,0,0,0,0,0,0
Productos/Train_Aumentado\Banana\aug_1_Banana_007.jpg,1,0,0,0,0,0,0,0,0,0,0
Productos/Train_Aumentado\Banana\aug_1_Banana_008.jpg,1,0,0,0,0,0,0,0,0,0,0
Productos/Train_Aumentado\Banana\aug_1_Banana_009.jpg,1,0,0,0,0,0,0,0,0,0,0
Productos/Train_Aumentado\Banana\aug_1_Banana_010.jpg,1,0,0,0,0,0,0,0,0,0,0
Productos/Train_Aumentado\Banana\aug_1_Banana_011.jpg,1,0,0,0,0,0,0,0,0,0,0
Productos/Train_Aumentado\Banana\aug_1_Banana_012.jpg,1,0,0,0,0,0,0,0,0,0,0
Productos/Train_Aumentado\Banana\aug_1_Banana_014.jpg,1,0,0,0,0,0,0,0,0,0,0
Productos/Train_Aumentado\Banana\aug_1_Banana_015.jpg,1,0,0,0,0,0,0,0,0,0,0
Productos/Train_Aumentado\Banana\aug_1_Banana_016.jpg,1,0,0,0,0,0,0,0,0,0,0
Productos/Train_Aumentado\Banana\aug_1_Banana_017.jpg,1,0,0,0,0,0,0,0,0,0,0
Productos/Train_Aumentado\Banana\aug_1_Banana_018.jpg,1,0,0,0,0,0,0,0,0,0,0
Productos/Train_Aumentado\Banana\aug_1_Banana_019.jpg,1,0,0,0,0,0,0,0,0,0,0
Productos/Train_Aumentado\Banana\aug_1_Banana_020.jpg,1,0,0,0,0,0,0,0,0,0,0
Productos/Train_Aumentado\Banana\aug_2_Banana_001.jpg,1,0,0,0,0,0,0,0,0,0,0
Productos/Train_Aumentado\Banana\aug_2_Banana_002.jpg,1,0,0,0,0,0,0,0,0,0,0
Productos/Train_Aumentado\Banana\aug_2_Banana_005.jpg,1,0,0,0,0,0,0,0,0,0,0
Productos/Train_Aumentado\Banana\aug_2_Banana_006.jpg,1,0,0,0,0,0,0,0,0,0,0
Productos/Train_Aumentado\Banana\aug_2_Banana_008.jpg,1,0,0,0,0,0,0,0,0,0,0
Productos/Train_Aumentado\Banana\aug_2_Banana_009.jpg,1,0,0,0,0,0,0,0,0,0,0
Productos/Train_Aumentado\Banana\aug_2_Banana_010.jpg,1,0,0,0,0,0,0,0,0,0,0
Productos/Train_Aumentado\Banana\aug_2_Banana_015.jpg,1,0,0,0,0,0,0,0,0,0,0
Productos/Train_Aumentado\Banana\aug_2_Banana_016.jpg,1,0,0,0,0,0,0,0,0,0,0
Productos/Train_Aumentado\Banana\aug_2_Banana_017.jpg,1,0,0,0,0,0,0,0,0,0,0
Productos/Train_Aumentado\Banana\aug_2_Banana_018.jpg,1,0,0,0,0,0,0,0,0,0,0
Productos/Train_Aumentado\Banana\aug_2_Banana_019.jpg,1,0,0,0,0,0,0,0,0,0,0
Productos/Train_Aumentado\Banana\aug_2_Banana_020.jpg,1,0,0,0,0,0,0,0,0,0,0
Productos/Train_Aumentado\Banana\aug_3_Banana_003.jpg,1,0,0,0,0,0,0,0,0,0,0
Productos/Train_Aumentado\Banana\aug_3_Banana_004.jpg,1,0,0,0,0,0,0,0,0,0,0
Productos/Train_Aumentado\Banana\aug_3_Banana_005.jpg,1,0,0,0,0,0,0,0,0,0,0
Productos/Train_Aumentado\Banana\aug_3_Banana_009.jpg,1,0,0,0,0,0,0,0,0,0,0
Productos/Train_Aumentado\Banana\aug_3_Banana_011.jpg,1,0,0,0,0,0,0,0,0,0,0
Productos/Train_Aumentado\Banana\aug_3_Banana_012.jpg,1,0,0,0,0,0,0,0,0,0,0
Productos/Train_Aumentado\Banana\aug_3_Banana_013.jpg,1,0,0,0,0,0,0,0,0,0,0
Productos/Train_Aumentado\Banana\aug_3_Banana_014.jpg,1,0,0,0,0,0,0,0,0,0,0
Productos/Train_Aumentado\Banana\aug_3_Banana_015.jpg,1,0,0,0,0,0,0,0,0,0,0
Productos/Train_Aumentado\Banana\aug_3_Banana_016.jpg,1,0,0,0,0,0,0,0,0,0,0
Productos/Train_Aumentado\Banana\aug_3_Banana_017.jpg,1,0,0,0,0,0,0,0,0,0,0
Productos/Train_Aumentado\Banana\aug_3_Banana_018.jpg,1,0,0,0,0,0,0,0,0,0,0
Productos/Train_Aumentado\Banana\aug_3_Banana_020.jpg,1,0,0,0,0,0,0,0,0,0,0
Productos/Train_Aumentado\Banana\aug_4_Banana_001.jpg,1,0,0,0,0,0,0,0,0,0,0
Productos/Train_Aumentado\Banana\aug_4_Banana_002.jpg,1,0,0,0,0,0,0,0,0,0,0
Productos/Train_Aumentado\Banana\aug_4_Banana_003.jpg,1,0,0,0,0,0,0,0,0,0,0
Productos/Train_Aumentado\Banana\aug_4_Banana_004.jpg,1,0,0,0,0,0,0,0,0,0,0
Productos/Train_Aumentado\Banana\aug_4_Banana_006.jpg,1,0,0,0,0,0,0,0,0,0,0
Productos/Train_Aumentado\Banana\aug_4_Banana_007.jpg,1,0,0,0,0,0,0,0,0,0,0
Productos/Train_Aumentado\Banana\aug_4_Banana_008.jpg,1,0,0,0,0,0,0,0,0,0,0
Productos/Train_Aumentado\Banana\aug_4_Banana_009.jpg,1,0,0,0,0,0,0,0,0,0,0
Productos/Train_Aumentado\Banana\aug_4_Banana_010.jpg,1,0,0,0,0,0,0,0,0,0,0
Productos/Train_Aumentado\Banana\aug_4_Banana_011.jpg,1,0,0,0,0,0,0,0,0,0,0
Productos/Train_Aumentado\Banana\aug_4_Banana_012.jpg,1,0,0,0,0,0,0,0,0,0,0
Productos/Train_Aumentado\Banana\aug_4_Banana_014.jpg,1,0,0,0,0,0,0,0,0,0,0
Productos/Train_Aumentado\Banana\aug_4_Banana_015.jpg,1,0,0,0,0,0,0,0,0,0,0
Productos/Train_Aumentado\Banana\aug_4_Banana_016.jpg,1,0,0,0,0,0,0,0,0,0,0
Productos/Train_Aumentado\Banana\aug_4_Banana_017.jpg,1,0,0,0,0,0,0,0,0,0,0
Productos/Train_Aumentado\Banana\aug_4_Banana_020.jpg,1,0,0,0,0,0,0,0,0,0,0
Productos/Train_Aumentado\Banana\aug_5_Banana_001.jpg,1,0,0,0,0,0,0,0,0,0,0
Productos/Train_Aumentado\Banana\aug_5_Banana_002.jpg,1,0,0,0,0,0,0,0,0,0,0
Productos/Train_Aumentado\Banana\aug_5_Banana_003.jpg,1,0,0,0,0,0,0,0,0,0,0
Productos/Train_Aumentado\Banana\aug_5_Banana_006.jpg,1,0,0,0,0,0,0,0,0,0,0
Productos/Train_Aumentado\Banana\aug_5_Banana_008.jpg,1,0,0,0,0,0,0,0,0,0,0
Productos/Train_Aumentado\Banana\aug_5_Banana_009.jpg,1,0,0,0,0,0,0,0,0,0,0
Productos/Train_Aumentado\Banana\aug_5_Banana_010.jpg,1,0,0,0,0,0,0,0,0,0,0
Productos/Train_Aumentado\Banana\aug_5_Banana_011.jpg,1,0,0,0,0,0,0,0,0,0,0
Productos/Train_Aumentado\Banana\aug_5_Banana_012.jpg,1,0,0,0,0,0,0,0,0,0,0
Productos/Train_Aumentado\Banana\aug_5_Banana_015.jpg,1,0,0,0,0,0,0,0,0,0,0
Productos/Train_Aumentado\Banana\aug_5_Banana_016.jpg,1,0,0,0,0,0,0,0,0,0,0
Productos/Train_Aumentado\Banana\aug_5_Banana_017.jpg,1,0,0,0,0,0,0,0,0,0,0
Productos/Train_Aumentado\Banana\aug_5_Banana_018.jpg,1,0,0,0,0,0,0,0,0,0,0
Productos/Train_Aumentado\Banana\aug_5_Banana_019.jpg,1,0,0,0,0,0,0,0,0,0,0
Productos/Train_Aumentado\Banana\aug_5_Banana_020.jpg,1,0,0,0,0,0,0,0,0,0,0
Productos/Train_Aumentado\bread\aug_0_bread_002.jpg,0,0,0,0,1,0,0,0,0,0,0
Productos/Train_Aumentado\bread\aug_0_bread_007.jpg,0,0,0,0,1,0,0,0,0,0,0
Productos/Train_Aumentado\bread\aug_0_bread_008.jpg,0,0,0,0,1,0,0,0,0,0,0
Productos/Train_Aumentado\bread\aug_0_bread_009.jpg,0,0,0,0,1,0,0,0,0,0,0
Productos/Train_Aumentado\bread\aug_0_bread_010.jpg,0,0,0,0,1,0,0,0,0,0,0
Productos/Train_Aumentado\bread\aug_0_bread_012.jpg,0,0,0,0,1,0,0,0,0,0,0
Productos/Train_Aumentado\bread\aug_0_bread_013.jpg,0,0,0,0,1,0,0,0,0,0,0
Productos/Train_Aumentado\bread\aug_0_bread_014.jpg,0,0,0,0,1,0,0,0,0,0,0
Productos/Train_Aumentado\bread\aug_0_bread_015.jpg,0,0,0,0,1,0,0,0,0,0,0
Productos/Train_Aumentado\bread\aug_0_bread_016.jpeg,0,0,0,0,1,0,0,0,0,0,0
Productos/Train_Aumentado\bread\aug_1_bread_001.jpg,0,0,0,0,1,0,0,0,0,0,0
Productos/Train_Aumentado\bread\aug_1_bread_002.jpg,0,0,0,0,1,0,0,0,0,0,0
Productos/Train_Aumentado\bread\aug_1_bread_006.jpg,0,0,0,0,1,0,0,0,0,0,0
Productos/Train_Aumentado\bread\aug_1_bread_007.jpg,0,0,0,0,1,0,0,0,0,0,0
Productos/Train_Aumentado\bread\aug_1_bread_008.jpg,0,0,0,0,1,0,0,0,0,0,0
Productos/Train_Aumentado\bread\aug_1_bread_009.jpg,0,0,0,0,1,0,0,0,0,0,0
Productos/Train_Aumentado\bread\aug_1_bread_011.jpg,0,0,0,0,1,0,0,0,0,0,0
Productos/Train_Aumentado\bread\aug_1_bread_012.jpg,0,0,0,0,1,0,0,0,0,0,0
Productos/Train_Aumentado\bread\aug_1_bread_013.jpg,0,0,0,0,1,0,0,0,0,0,0
Productos/Train_Aumentado\bread\aug_1_bread_014.jpg,0,0,0,0,1,0,0,0,0,0,0
Productos/Train_Aumentado\bread\aug_1_bread_015.jpg,0,0,0,0,1,0,0,0,0,0,0
Productos/Train_Aumentado\bread\aug_1_bread_016.jpeg,0,0,0,0,1,0,0,0,0,0,0
Productos/Train_Aumentado\bread\aug_2_bread_002.jpg,0,0,0,0,1,0,0,0,0,0,0
Productos/Train_Aumentado\bread\aug_2_bread_003.jpg,0,0,0,0,1,0,0,0,0,0,0
Productos/Train_Aumentado\bread\aug_2_bread_004.jpg,0,0,0,0,1,0,0,0,0,0,0
Productos/Train_Aumentado\bread\aug_2_bread_005.jpg,0,0,0,0,1,0,0,0,0,0,0
Productos/Train_Aumentado\bread\aug_2_bread_007.jpg,0,0,0,0,1,0,0,0,0,0,0
Productos/Train_Aumentado\bread\aug_2_bread_008.jpg,0,0,0,0,1,0,0,0,0,0,0
Productos/Train_Aumentado\bread\aug_2_bread_009.jpg,0,0,0,0,1,0,0,0,0,0,0
Productos/Train_Aumentado\bread\aug_2_bread_010.jpg,0,0,0,0,1,0,0,0,0,0,0
Productos/Train_Aumentado\bread\aug_2_bread_011.jpg,0,0,0,0,1,0,0,0,0,0,0
Productos/Train_Aumentado\bread\aug_2_bread_012.jpg,0,0,0,0,1,0,0,0,0,0,0
Productos/Train_Aumentado\bread\aug_2_bread_013.jpg,0,0,0,0,1,0,0,0,0,0,0
Productos/Train_Aumentado\bread\aug_2_bread_015.jpg,0,0,0,0,1,0,0,0,0,0,0
Productos/Train_Aumentado\bread\aug_2_bread_016.jpeg,0,0,0,0,1,0,0,0,0,0,0
Productos/Train_Aumentado\bread\aug_3_bread_001.jpg,0,0,0,0,1,0,0,0,0,0,0
Productos/Train_Aumentado\bread\aug_3_bread_002.jpg,0,0,0,0,1,0,0,0,0,0,0
Productos/Train_Aumentado\bread\aug_3_bread_003.jpg,0,0,0,0,1,0,0,0,0,0,0
Productos/Train_Aumentado\bread\aug_3_bread_004.jpg,0,0,0,0,1,0,0,0,0,0,0
Productos/Train_Aumentado\bread\aug_3_bread_006.jpg,0,0,0,0,1,0,0,0,0,0,0
Productos/Train_Aumentado\bread\aug_3_bread_007.jpg,0,0,0,0,1,0,0,0,0,0,0
Productos/Train_Aumentado\bread\aug_3_bread_008.jpg,0,0,0,0,1,0,0,0,0,0,0
Productos/Train_Aumentado\bread\aug_3_bread_009.jpg,0,0,0,0,1,0,0,0,0,0,0
Productos/Train_Aumentado\bread\aug_3_bread_011.jpg,0,0,0,0,1,0,0,0,0,0,0
Productos/Train_Aumentado\bread\aug_3_bread_013.jpg,0,0,0,0,1,0,0,0,0,0,0
Productos/Train_Aumentado\bread\aug_3_bread_014.jpg,0,0,0,0,1,0,0,0,0,0,0
Productos/Train_Aumentado\bread\aug_3_bread_015.jpg,0,0,0,0,1,0,0,0,0,0,0
Productos/Train_Aumentado\bread\aug_3_bread_016.jpeg,0,0,0,0,1,0,0,0,0,0,0
Productos/Train_Aumentado\bread\aug_4_bread_001.jpg,0,0,0,0,1,0,0,0,0,0,0
Productos/Train_Aumentado\bread\aug_4_bread_002.jpg,0,0,0,0,1,0,0,0,0,0,0
Productos/Train_Aumentado\bread\aug_4_bread_004.jpg,0,0,0,0,1,0,0,0,0,0,0
Productos/Train_Aumentado\bread\aug_4_bread_005.jpg,0,0,0,0,1,0,0,0,0,0,0
Productos/Train_Aumentado\bread\aug_4_bread_006.jpg,0,0,0,0,1,0,0,0,0,0,0
Productos/Train_Aumentado\bread\aug_4_bread_007.jpg,0,0,0,0,1,0,0,0,0,0,0
Productos/Train_Aumentado\bread\aug_4_bread_008.jpg,0,0,0,0,1,0,0,0,0,0,0
Productos/Train_Aumentado\bread\aug_4_bread_009.jpg,0,0,0,0,1,0,0,0,0,0,0
Productos/Train_Aumentado\bread\aug_4_bread_010.jpg,0,0,0,0,1,0,0,0,0,0,0
Productos/Train_Aumentado\bread\aug_4_bread_011.jpg,0,0,0,0,1,0,0,0,0,0,0
Productos/Train_Aumentado\bread\aug_4_bread_012.jpg,0,0,0,0,1,0,0,0,0,0,0
Productos/Train_Aumentado\bread\aug_4_bread_014.jpg,0,0,0,0,1,0,0,0,0,0,0
Productos/Train_Aumentado\bread\aug_4_bread_015.jpg,0,0,0,0,1,0,0,0,0,0,0
Productos/Train_Aumentado\bread\aug_4_bread_016.jpeg,0,0,0,0,1,0,0,0,0,0,0
Productos/Train_Aumentado\bread\aug_5_bread_001.jpg,0,0,0,0,1,0,0,0,0,0,0
Productos/Train_Aumentado\bread\aug_5_bread_002.jpg,0,0,0,0,1,0,0,0,0,0,0
Productos/Train_Aumentado\bread\aug_5_bread_003.jpg,0,0,0,0,1,0,0,0,0,0,0
Productos/Train_Aumentado\bread\aug_5_bread_004.jpg,0,0,0,0,1,0,0,0,0,0,0
Productos/Train_Aumentado\bread\aug_5_bread_006.jpg,0,0,0,0,1,0,0,0,0,0,0
Productos/Train_Aumentado\bread\aug_5_bread_007.jpg,0,0,0,0,1,0,0,0,0,0,0
Productos/Train_Aumentado\bread\aug_5_bread_009.jpg,0,0,0,0,1,0,0,0,0,0,0
Productos/Train_Aumentado\bread\aug_5_bread_010.jpg,0,0,0,0,1,0,0,0,0,0,0
Productos/Train_Aumentado\bread\aug_5_bread_011.jpg,0,0,0,0,1,0,0,0,0,0,0
Productos/Train_Aumentado\bread\aug_5_bread_012.jpg,0,0,0,0,1,0,0,0,0,0,0
Productos/Train_Aumentado\bread\aug_5_bread_014.jpg,0,0,0,0,1,0,0,0,0,0,0
Productos/Train_Aumentado\bread\aug_5_bread_015.jpg,0,0,0,0,1,0,0,0,0,0,0
Productos/Train_Aumentado\bread\bread_001.jpg,0,0,0,0,1,0,0,0,0,0,0
Productos/Train_Aumentado\bread\bread_002.jpg,0,0,0,0,1,0,0,0,0,0,0
Productos/Train_Aumentado\bread\bread_003.jpg,0,0,0,0,1,0,0,0,0,0,0
Productos/Train_Aumentado\bread\bread_004.jpg,0,0,0,0,1,0,0,0,0,0,0
Productos/Train_Aumentado\bread\bread_005.jpg,0,0,0,0,1,0,0,0,0,0,0
Productos/Train_Aumentado\bread\bread_006.jpg,0,0,0,0,1,0,0,0,0,0,0
Productos/Train_Aumentado\bread\bread_007.jpg,0,0,0,0,1,0,0,0,0,0,0
Productos/Train_Aumentado\bread\bread_008.jpg,0,0,0,0,1,0,0,0,0,0,0
Productos/Train_Aumentado\bread\bread_009.jpg,0,0,0,0,1,0,0,0,0,0,0
Productos/Train_Aumentado\bread\bread_010.jpg,0,0,0,0,1,0,0,0,0,0,0
Productos/Train_Aumentado\bread\bread_011.jpg,0,0,0,0,1,0,0,0,0,0,0
Productos/Train_Aumentado\bread\bread_012.jpg,0,0,0,0,1,0,0,0,0,0,0
Productos/Train_Aumentado\bread\bread_013.jpg,0,0,0,0,1,0,0,0,0,0,0
Productos/Train_Aumentado\bread\bread_014.jpg,0,0,0,0,1,0,0,0,0,0,0
Productos/Train_Aumentado\bread\bread_015.jpg,0,0,0,0,1,0,0,0,0,0,0
Productos/Train_Aumentado\bread\bread_016.jpeg,0,0,0,0,1,0,0,0,0,0,0
Productos/Train_Aumentado\cocaCola\aug_0_cocaCola_001.jpg,0,0,0,0,0,1,0,0,0,0,0
Productos/Train_Aumentado\cocaCola\aug_0_cocaCola_002.jpg,0,0,0,0,0,1,0,0,0,0,0
Productos/Train_Aumentado\cocaCola\aug_0_cocaCola_003.jpg,0,0,0,0,0,1,0,0,0,0,0
Productos/Train_Aumentado\cocaCola\aug_0_cocaCola_004.jpg,0,0,0,0,0,1,0,0,0,0,0
Productos/Train_Aumentado\cocaCola\aug_0_cocaCola_005.jpg,0,0,0,0,0,1,0,0,0,0,0
Productos/Train_Aumentado\cocaCola\aug_0_cocaCola_006.jpg,0,0,0,0,0,1,0,0,0,0,0
Productos/Train_Aumentado\cocaCola\aug_0_cocaCola_007.jpg,0,0,0,0,0,1,0,0,0,0,0
Productos/Train_Aumentado\cocaCola\aug_0_cocaCola_008.jpeg,0,0,0,0,0,1,0,0,0,0,0
Productos/Train_Aumentado\cocaCola\aug_0_cocaCola_012.jpeg,0,0,0,0,0,1,0,0,0,0,0
Productos/Train_Aumentado\cocaCola\aug_0_cocaCola_013.jpg,0,0,0,0,0,1,0,0,0,0,0
Productos/Train_Aumentado\cocaCola\aug_0_cocaCola_014.jpg,0,0,0,0,0,1,0,0,0,0,0
Productos/Train_Aumentado\cocaCola\aug_0_cocaCola_015.jpeg,0,0,0,0,0,1,0,0,0,0,0
Productos/Train_Aumentado\cocaCola\aug_0_cocaCola_016.jpg,0,0,0,0,0,1,0,0,0,0,0
Productos/Train_Aumentado\cocaCola\aug_1_cocaCola_001.jpg,0,0,0,0,0,1,0,0,0,0,0
Productos/Train_Aumentado\cocaCola\aug_1_cocaCola_002.jpg,0,0,0,0,0,1,0,0,0,0,0
Productos/Train_Aumentado\cocaCola\aug_1_cocaCola_003.jpg,0,0,0,0,0,1,0,0,0,0,0
Productos/Train_Aumentado\cocaCola\aug_1_cocaCola_004.jpg,0,0,0,0,0,1,0,0,0,0,0
Productos/Train_Aumentado\cocaCola\aug_1_cocaCola_005.jpg,0,0,0,0,0,1,0,0,0,0,0
Productos/Train_Aumentado\cocaCola\aug_1_cocaCola_006.jpg,0,0,0,0,0,1,0,0,0,0,0
Productos/Train_Aumentado\cocaCola\aug_1_cocaCola_007.jpg,0,0,0,0,0,1,0,0,0,0,0
Productos/Train_Aumentado\cocaCola\aug_1_cocaCola_008.jpeg,0,0,0,0,0,1,0,0,0,0,0
Productos/Train_Aumentado\cocaCola\aug_1_cocaCola_010.jpg,0,0,0,0,0,1,0,0,0,0,0
Productos/Train_Aumentado\cocaCola\aug_1_cocaCola_011.jpg,0,0,0,0,0,1,0,0,0,0,0
Productos/Train_Aumentado\cocaCola\aug_1_cocaCola_012.jpeg,0,0,0,0,0,1,0,0,0,0,0
Productos/Train_Aumentado\cocaCola\aug_1_cocaCola_013.jpg,0,0,0,0,0,1,0,0,0,0,0
Productos/Train_Aumentado\cocaCola\aug_1_cocaCola_014.jpg,0,0,0,0,0,1,0,0,0,0,0
Productos/Train_Aumentado\cocaCola\aug_1_cocaCola_015.jpeg,0,0,0,0,0,1,0,0,0,0,0
Productos/Train_Aumentado\cocaCola\aug_1_cocaCola_016.jpg,0,0,0,0,0,1,0,0,0,0,0
Productos/Train_Aumentado\cocaCola\aug_2_cocaCola_001.jpg,0,0,0,0,0,1,0,0,0,0,0
Productos/Train_Aumentado\cocaCola\aug_2_cocaCola_002.jpg,0,0,0,0,0,1,0,0,0,0,0
Productos/Train_Aumentado\cocaCola\aug_2_cocaCola_003.jpg,0,0,0,0,0,1,0,0,0,0,0
Productos/Train_Aumentado\cocaCola\aug_2_cocaCola_004.jpg,0,0,0,0,0,1,0,0,0,0,0
Productos/Train_Aumentado\cocaCola\aug_2_cocaCola_005.jpg,0,0,0,0,0,1,0,0,0,0,0
Productos/Train_Aumentado\cocaCola\aug_2_cocaCola_006.jpg,0,0,0,0,0,1,0,0,0,0,0
Productos/Train_Aumentado\cocaCola\aug_2_cocaCola_007.jpg,0,0,0,0,0,1,0,0,0,0,0
Productos/Train_Aumentado\cocaCola\aug_2_cocaCola_008.jpeg,0,0,0,0,0,1,0,0,0,0,0
Productos/Train_Aumentado\cocaCola\aug_2_cocaCola_009.jpg,0,0,0,0,0,1,0,0,0,0,0
Productos/Train_Aumentado\cocaCola\aug_2_cocaCola_010.jpg,0,0,0,0,0,1,0,0,0,0,0
Productos/Train_Aumentado\cocaCola\aug_2_cocaCola_011.jpg,0,0,0,0,0,1,0,0,0,0,0
Productos/Train_Aumentado\cocaCola\aug_2_cocaCola_012.jpeg,0,0,0,0,0,1,0,0,0,0,0
Productos/Train_Aumentado\cocaCola\aug_2_cocaCola_013.jpg,0,0,0,0,0,1,0,0,0,0,0
Productos/Train_Aumentado\cocaCola\aug_2_cocaCola_014.jpg,0,0,0,0,0,1,0,0,0,0,0
Productos/Train_Aumentado\cocaCola\aug_2_cocaCola_015.jpeg,0,0,0,0,0,1,0,0,0,0,0
Productos/Train_Aumentado\cocaCola\aug_2_cocaCola_016.jpg,0,0,0,0,0,1,0,0,0,0,0
Productos/Train_Aumentado\cocaCola\aug_3_cocaCola_001.jpg,0,0,0,0,0,1,0,0,0,0,0
Productos/Train_Aumentado\cocaCola\aug_3_cocaCola_002.jpg,0,0,0,0,0,1,0,0,0,0,0
Productos/Train_Aumentado\cocaCola\aug_3_cocaCola_003.jpg,0,0,0,0,0,1,0,0,0,0,0
Productos/Train_Aumentado\cocaCola\aug_3_cocaCola_004.jpg,0,0,0,0,0,1,0,0,0,0,0
Productos/Train_Aumentado\cocaCola\aug_3_cocaCola_005.jpg,0,0,0,0,0,1,0,0,0,0,0
Productos/Train_Aumentado\cocaCola\aug_3_cocaCola_006.jpg,0,0,0,0,0,1,0,0,0,0,0
Productos/Train_Aumentado\cocaCola\aug_3_cocaCola_007.jpg,0,0,0,0,0,1,0,0,0,0,0
Productos/Train_Aumentado\cocaCola\aug_3_cocaCola_008.jpeg,0,0,0,0,0,1,0,0,0,0,0
Productos/Train_Aumentado\cocaCola\aug_3_cocaCola_009.jpg,0,0,0,0,0,1,0,0,0,0,0
Productos/Train_Aumentado\cocaCola\aug_3_cocaCola_010.jpg,0,0,0,0,0,1,0,0,0,0,0
Productos/Train_Aumentado\cocaCola\aug_3_cocaCola_011.jpg,0,0,0,0,0,1,0,0,0,0,0
Productos/Train_Aumentado\cocaCola\aug_3_cocaCola_012.jpeg,0,0,0,0,0,1,0,0,0,0,0
Productos/Train_Aumentado\cocaCola\aug_3_cocaCola_013.jpg,0,0,0,0,0,1,0,0,0,0,0
Productos/Train_Aumentado\cocaCola\aug_3_cocaCola_014.jpg,0,0,0,0,0,1,0,0,0,0,0
Productos/Train_Aumentado\cocaCola\aug_3_cocaCola_015.jpeg,0,0,0,0,0,1,0,0,0,0,0
Productos/Train_Aumentado\cocaCola\aug_3_cocaCola_016.jpg,0,0,0,0,0,1,0,0,0,0,0
Productos/Train_Aumentado\cocaCola\aug_4_cocaCola_001.jpg,0,0,0,0,0,1,0,0,0,0,0
Productos/Train_Aumentado\cocaCola\aug_4_cocaCola_002.jpg,0,0,0,0,0,1,0,0,0,0,0
Productos/Train_Aumentado\cocaCola\aug_4_cocaCola_003.jpg,0,0,0,0,0,1,0,0,0,0,0
Productos/Train_Aumentado\cocaCola\aug_4_cocaCola_004.jpg,0,0,0,0,0,1,0,0,0,0,0
Productos/Train_Aumentado\cocaCola\aug_4_cocaCola_005.jpg,0,0,0,0,0,1,0,0,0,0,0
Productos/Train_Aumentado\cocaCola\aug_4_cocaCola_006.jpg,0,0,0,0,0,1,0,0,0,0,0
Productos/Train_Aumentado\cocaCola\aug_4_cocaCola_007.jpg,0,0,0,0,0,1,0,0,0,0,0
Productos/Train_Aumentado\cocaCola\aug_4_cocaCola_008.jpeg,0,0,0,0,0,1,0,0,0,0,0
Productos/Train_Aumentado\cocaCola\aug_4_cocaCola_009.jpg,0,0,0,0,0,1,0,0,0,0,0
Productos/Train_Aumentado\cocaCola\aug_4_cocaCola_010.jpg,0,0,0,0,0,1,0,0,0,0,0
Productos/Train_Aumentado\cocaCola\aug_4_cocaCola_011.jpg,0,0,0,0,0,1,0,0,0,0,0
Productos/Train_Aumentado\cocaCola\aug_4_cocaCola_012.jpeg,0,0,0,0,0,1,0,0,0,0,0
Productos/Train_Aumentado\cocaCola\aug_4_cocaCola_013.jpg,0,0,0,0,0,1,0,0,0,0,0
Productos/Train_Aumentado\cocaCola\aug_4_cocaCola_014.jpg,0,0,0,0,0,1,0,0,0,0,0
Productos/Train_Aumentado\cocaCola\aug_4_cocaCola_015.jpeg,0,0,0,0,0,1,0,0,0,0,0
Productos/Train_Aumentado\cocaCola\aug_4_cocaCola_016.jpg,0,0,0,0,0,1,0,0,0,0,0
Productos/Train_Aumentado\cocaCola\aug_5_cocaCola_001.jpg,0,0,0,0,0,1,0,0,0,0,0
Productos/Train_Aumentado\cocaCola\aug_5_cocaCola_002.jpg,0,0,0,0,0,1,0,0,0,0,0
Productos/Train_Aumentado\cocaCola\aug_5_cocaCola_003.jpg,0,0,0,0,0,1,0,0,0,0,0
Productos/Train_Aumentado\cocaCola\aug_5_cocaCola_004.jpg,0,0,0,0,0,1,0,0,0,0,0
Productos/Train_Aumentado\cocaCola\aug_5_cocaCola_005.jpg,0,0,0,0,0,1,0,0,0,0,0
Productos/Train_Aumentado\cocaCola\aug_5_cocaCola_006.jpg,0,0,0,0,0,1,0,0,0,0,0
Productos/Train_Aumentado\cocaCola\aug_5_cocaCola_007.jpg,0,0,0,0,0,1,0,0,0,0,0
Productos/Train_Aumentado\cocaCola\aug_5_cocaCola_009.jpg,0,0,0,0,0,1,0,0,0,0,0
Productos/Train_Aumentado\cocaCola\aug_5_cocaCola_010.jpg,0,0,0,0,0,1,0,0,0,0,0
Productos/Train_Aumentado\cocaCola\aug_5_cocaCola_012.jpeg,0,0,0,0,0,1,0,0,0,0,0
Productos/Train_Aumentado\cocaCola\aug_5_cocaCola_013.jpg,0,0,0,0,0,1,0,0,0,0,0
Productos/Train_Aumentado\cocaCola\aug_5_cocaCola_014.jpg,0,0,0,0,0,1,0,0,0,0,0
Productos/Train_Aumentado\cocaCola\aug_5_cocaCola_015.jpeg,0,0,0,0,0,1,0,0,0,0,0
Productos/Train_Aumentado\cocaCola\aug_5_cocaCola_016.jpg,0,0,0,0,0,1,0,0,0,0,0
Productos/Train_Aumentado\doritos\aug_0_doritos_001.jpg,0,0,0,0,0,0,1,0,0,0,0
Productos/Train_Aumentado\doritos\aug_0_doritos_003.jpg,0,0,0,0,0,0,1,0,0,0,0
Productos/Train_Aumentado\doritos\aug_0_doritos_004.jpeg,0,0,0,0,0,0,1,0,0,0,0
Productos/Train_Aumentado\doritos\aug_0_doritos_005.jpg,0,0,0,0,0,0,1,0,0,0,0
Productos/Train_Aumentado\doritos\aug_0_doritos_006.jpg,0,0,0,0,0,0,1,0,0,0,0
Productos/Train_Aumentado\doritos\aug_0_doritos_007.jpg,0,0,0,0,0,0,1,0,0,0,0
Productos/Train_Aumentado\doritos\aug_0_doritos_008.jpg,0,0,0,0,0,0,1,0,0,0,0
Productos/Train_Aumentado\doritos\aug_0_doritos_009.jpg,0,0,0,0,0,0,1,0,0,0,0
Productos/Train_Aumentado\doritos\aug_0_doritos_010.jpg,0,0,0,0,0,0,1,0,0,0,0
Productos/Train_Aumentado\doritos\aug_0_doritos_011.jpg,0,0,0,0,0,0,1,0,0,0,0
Productos/Train_Aumentado\doritos\aug_0_doritos_012.jpg,0,0,0,0,0,0,1,0,0,0,0
Productos/Train_Aumentado\doritos\aug_0_doritos_013.jpg,0,0,0,0,0,0,1,0,0,0,0
Productos/Train_Aumentado\doritos\aug_0_doritos_014.jpg,0,0,0,0,0,0,1,0,0,0,0
Productos/Train_Aumentado\doritos\aug_0_doritos_015.jpg,0,0,0,0,0,0,1,0,0,0,0
Productos/Train_Aumentado\doritos\aug_0_doritos_016.jpg,0,0,0,0,0,0,1,0,0,0,0
Productos/Train_Aumentado\doritos\aug_1_doritos_001.jpg,0,0,0,0,0,0,1,0,0,0,0
Productos/Train_Aumentado\doritos\aug_1_doritos_002.jpg,0,0,0,0,0,0,1,0,0,0,0
Productos/Train_Aumentado\doritos\aug_1_doritos_004.jpeg,0,0,0,0,0,0,1,0,0,0,0
Productos/Train_Aumentado\doritos\aug_1_doritos_005.jpg,0,0,0,0,0,0,1,0,0,0,0
Productos/Train_Aumentado\doritos\aug_1_doritos_006.jpg,0,0,0,0,0,0,1,0,0,0,0
Productos/Train_Aumentado\doritos\aug_1_doritos_007.jpg,0,0,0,0,0,0,1,0,0,0,0
Productos/Train_Aumentado\doritos\aug_1_doritos_008.jpg,0,0,0,0,0,0,1,0,0,0,0
Productos/Train_Aumentado\doritos\aug_1_doritos_009.jpg,0,0,0,0,0,0,1,0,0,0,0
Productos/Train_Aumentado\doritos\aug_1_doritos_010.jpg,0,0,0,0,0,0,1,0,0,0,0
Productos/Train_Aumentado\doritos\aug_1_doritos_011.jpg,0,0,0,0,0,0,1,0,0,0,0
Productos/Train_Aumentado\doritos\aug_1_doritos_012.jpg,0,0,0,0,0,0,1,0,0,0,0
Productos/Train_Aumentado\doritos\aug_1_doritos_013.jpg,0,0,0,0,0,0,1,0,0,0,0
Productos/Train_Aumentado\doritos\aug_1_doritos_014.jpg,0,0,0,0,0,0,1,0,0,0,0
Productos/Train_Aumentado\doritos\aug_1_doritos_015.jpg,0,0,0,0,0,0,1,0,0,0,0
Productos/Train_Aumentado\doritos\aug_1_doritos_016.jpg,0,0,0,0,0,0,1,0,0,0,0
Productos/Train_Aumentado\doritos\aug_2_doritos_001.jpg,0,0,0,0,0,0,1,0,0,0,0
Productos/Train_Aumentado\doritos\aug_2_doritos_002.jpg,0,0,0,0,0,0,1,0,0,0,0
Productos/Train_Aumentado\doritos\aug_2_doritos_004.jpeg,0,0,0,0,0,0,1,0,0,0,0
Productos/Train_Aumentado\doritos\aug_2_doritos_005.jpg,0,0,0,0,0,0,1,0,0,0,0
Productos/Train_Aumentado\doritos\aug_2_doritos_006.jpg,0,0,0,0,0,0,1,0,0,0,0
Productos/Train_Aumentado\doritos\aug_2_doritos_007.jpg,0,0,0,0,0,0,1,0,0,0,0
Productos/Train_Aumentado\doritos\aug_2_doritos_008.jpg,0,0,0,0,0,0,1,0,0,0,0
Productos/Train_Aumentado\doritos\aug_2_doritos_009.jpg,0,0,0,0,0,0,1,0,0,0,0
Productos/Train_Aumentado\doritos\aug_2_doritos_010.jpg,0,0,0,0,0,0,1,0,0,0,0
Productos/Train_Aumentado\doritos\aug_2_doritos_011.jpg,0,0,0,0,0,0,1,0,0,0,0
Productos/Train_Aumentado\doritos\aug_2_doritos_012.jpg,0,0,0,0,0,0,1,0,0,0,0
Productos/Train_Aumentado\doritos\aug_2_doritos_013.jpg,0,0,0,0,0,0,1,0,0,0,0
Productos/Train_Aumentado\doritos\aug_2_doritos_014.jpg,0,0,0,0,0,0,1,0,0,0,0
Productos/Train_Aumentado\doritos\aug_2_doritos_015.jpg,0,0,0,0,0,0,1,0,0,0,0
Productos/Train_Aumentado\doritos\aug_2_doritos_016.jpg,0,0,0,0,0,0,1,0,0,0,0
Productos/Train_Aumentado\doritos\aug_3_doritos_001.jpg,0,0,0,0,0,0,1,0,0,0,0
Productos/Train_Aumentado\doritos\aug_3_doritos_002.jpg,0,0,0,0,0,0,1,0,0,0,0
Productos/Train_Aumentado\doritos\aug_3_doritos_004.jpeg,0,0,0,0,0,0,1,0,0,0,0
Productos/Train_Aumentado\doritos\aug_3_doritos_005.jpg,0,0,0,0,0,0,1,0,0,0,0
Productos/Train_Aumentado\doritos\aug_3_doritos_006.jpg,0,0,0,0,0,0,1,0,0,0,0
Productos/Train_Aumentado\doritos\aug_3_doritos_007.jpg,0,0,0,0,0,0,1,0,0,0,0
Productos/Train_Aumentado\doritos\aug_3_doritos_008.jpg,0,0,0,0,0,0,1,0,0,0,0
Productos/Train_Aumentado\doritos\aug_3_doritos_009.jpg,0,0,0,0,0,0,1,0,0,0,0
Productos/Train_Aumentado\doritos\aug_3_doritos_010.jpg,0,0,0,0,0,0,1,0,0,0,0
Productos/Train_Aumentado\doritos\aug_3_doritos_011.jpg,0,0,0,0,0,0,1,0,0,0,0
Productos/Train_Aumentado\doritos\aug_3_doritos_012.jpg,0,0,0,0,0,0,1,0,0,0,0
Productos/Train_Aumentado\doritos\aug_3_doritos_013.jpg,0,0,0,0,0,0,1,0,0,0,0
Productos/Train_Aumentado\doritos\aug_3_doritos_014.jpg,0,0,0,0,0,0,1,0,0,0,0
Productos/Train_Aumentado\doritos\aug_3_doritos_015.jpg,0,0,0,0,0,0,1,0,0,0,0
Productos/Train_Aumentado\doritos\aug_3_doritos_016.jpg,0,0,0,0,0,0,1,0,0,0,0
Productos/Train_Aumentado\doritos\aug_4_doritos_001.jpg,0,0,0,0,0,0,1,0,0,0,0
Productos/Train_Aumentado\doritos\aug_4_doritos_002.jpg,0,0,0,0,0,0,1,0,0,0,0
Productos/Train_Aumentado\doritos\aug_4_doritos_003.jpg,0,0,0,0,0,0,1,0,0,0,0
Productos/Train_Aumentado\doritos\aug_4_doritos_004.jpeg,0,0,0,0,0,0,1,0,0,0,0
Productos/Train_Aumentado\doritos\aug_4_doritos_005.jpg,0,0,0,0,0,0,1,0,0,0,0
Productos/Train_Aumentado\doritos\aug_4_doritos_006.jpg,0,0,0,0,0,0,1,0,0,0,0
Productos/Train_Aumentado\doritos\aug_4_doritos_007.jpg,0,0,0,0,0,0,1,0,0,0,0
Productos/Train_Aumentado\doritos\aug_4_doritos_008.jpg,0,0,0,0,0,0,1,0,0,0,0
Productos/Train_Aumentado\doritos\aug_4_doritos_009.jpg,0,0,0,0,0,0,1,0,0,0,0
Productos/Train_Aumentado\doritos\aug_4_doritos_010.jpg,0,0,0,0,0,0,1,0,0,0,0
Productos/Train_Aumentado\doritos\aug_4_doritos_011.jpg,0,0,0,0,0,0,1,0,0,0,0
Productos/Train_Aumentado\doritos\aug_4_doritos_012.jpg,0,0,0,0,0,0,1,0,0,0,0
Productos/Train_Aumentado\doritos\aug_4_doritos_013.jpg,0,0,0,0,0,0,1,0,0,0,0
Productos/Train_Aumentado\doritos\aug_4_doritos_014.jpg,0,0,0,0,0,0,1,0,0,0,0
Productos/Train_Aumentado\doritos\aug_4_doritos_015.jpg,0,0,0,0,0,0,1,0,0,0,0
Productos/Train_Aumentado\doritos\aug_4_doritos_016.jpg,0,0,0,0,0,0,1,0,0,0,0
Productos/Train_Aumentado\doritos\aug_5_doritos_001.jpg,0,0,0,0,0,0,1,0,0,0,0
Productos/Train_Aumentado\doritos\aug_5_doritos_002.jpg,0,0,0,0,0,0,1,0,0,0,0
Productos/Train_Aumentado\doritos\aug_5_doritos_004.jpeg,0,0,0,0,0,0,1,0,0,0,0
Productos/Train_Aumentado\doritos\aug_5_doritos_005.jpg,0,0,0,0,0,0,1,0,0,0,0
Productos/Train_Aumentado\doritos\aug_5_doritos_007.jpg,0,0,0,0,0,0,1,0,0,0,0
Productos/Train_Aumentado\doritos\aug_5_doritos_008.jpg,0,0,0,0,0,0,1,0,0,0,0
Productos/Train_Aumentado\doritos\aug_5_doritos_009.jpg,0,0,0,0,0,0,1,0,0,0,0
Productos/Train_Aumentado\doritos\aug_5_doritos_010.jpg,0,0,0,0,0,0,1,0,0,0,0
Productos/Train_Aumentado\doritos\aug_5_doritos_011.jpg,0,0,0,0,0,0,1,0,0,0,0
Productos/Train_Aumentado\doritos\aug_5_doritos_012.jpg,0,0,0,0,0,0,1,0,0,0,0
Productos/Train_Aumentado\doritos\aug_5_doritos_013.jpg,0,0,0,0,0,0,1,0,0,0,0
Productos/Train_Aumentado\doritos\aug_5_doritos_014.jpg,0,0,0,0,0,0,1,0,0,0,0
Productos/Train_Aumentado\doritos\aug_5_doritos_015.jpg,0,0,0,0,0,0,1,0,0,0,0
Productos/Train_Aumentado\doritos\aug_5_doritos_016.jpg,0,0,0,0,0,0,1,0,0,0,0
Productos/Train_Aumentado\doritos_cocaCola\aug_0_dorito_cocaCola_001.jpeg,0,0,0,0,0,1,1,0,0,0,0
Productos/Train_Aumentado\doritos_cocaCola\aug_0_dorito_cocaCola_002.jpeg,0,0,0,0,0,1,1,0,0,0,0
Productos/Train_Aumentado\doritos_cocaCola\aug_0_dorito_cocaCola_003.jpg,0,0,0,0,0,1,1,0,0,0,0
Productos/Train_Aumentado\doritos_cocaCola\aug_0_dorito_cocaCola_004.jpg,0,0,0,0,0,1,1,0,0,0,0
Productos/Train_Aumentado\doritos_cocaCola\aug_0_dorito_cocaCola_006.jpeg,0,0,0,0,0,1,1,0,0,0,0
Productos/Train_Aumentado\doritos_cocaCola\aug_0_dorito_cocaCola_008.jpg,0,0,0,0,0,1,1,0,0,0,0
Productos/Train_Aumentado\doritos_cocaCola\aug_10_dorito_cocaCola_001.jpeg,0,0,0,0,0,1,1,0,0,0,0
Productos/Train_Aumentado\doritos_cocaCola\aug_10_dorito_cocaCola_002.jpeg,0,0,0,0,0,1,1,0,0,0,0
Productos/Train_Aumentado\doritos_cocaCola\aug_10_dorito_cocaCola_003.jpg,0,0,0,0,0,1,1,0,0,0,0
Productos/Train_Aumentado\doritos_cocaCola\aug_10_dorito_cocaCola_004.jpg,0,0,0,0,0,1,1,0,0,0,0
Productos/Train_Aumentado\doritos_cocaCola\aug_10_dorito_cocaCola_005.jpeg,0,0,0,0,0,1,1,0,0,0,0
Productos/Train_Aumentado\doritos_cocaCola\aug_10_dorito_cocaCola_006.jpeg,0,0,0,0,0,1,1,0,0,0,0
Productos/Train_Aumentado\doritos_cocaCola\aug_10_dorito_cocaCola_007.jpg,0,0,0,0,0,1,1,0,0,0,0
Productos/Train_Aumentado\doritos_cocaCola\aug_1_dorito_cocaCola_001.jpeg,0,0,0,0,0,1,1,0,0,0,0
Productos/Train_Aumentado\doritos_cocaCola\aug_1_dorito_cocaCola_002.jpeg,0,0,0,0,0,1,1,0,0,0,0
Productos/Train_Aumentado\doritos_cocaCola\aug_1_dorito_cocaCola_003.jpg,0,0,0,0,0,1,1,0,0,0,0
Productos/Train_Aumentado\doritos_cocaCola\aug_1_dorito_cocaCola_004.jpg,0,0,0,0,0,1,1,0,0,0,0
Productos/Train_Aumentado\doritos_cocaCola\aug_1_dorito_cocaCola_005.jpeg,0,0,0,0,0,1,1,0,0,0,0
Productos/Train_Aumentado\doritos_cocaCola\aug_1_dorito_cocaCola_006.jpeg,0,0,0,0,0,1,1,0,0,0,0
Productos/Train_Aumentado\doritos_cocaCola\aug_1_dorito_cocaCola_007.jpg,0,0,0,0,0,1,1,0,0,0,0
Productos/Train_Aumentado\doritos_cocaCola\aug_1_dorito_cocaCola_008.jpg,0,0,0,0,0,1,1,0,0,0,0
Productos/Train_Aumentado\doritos_cocaCola\aug_2_dorito_cocaCola_001.jpeg,0,0,0,0,0,1,1,0,0,0,0
Productos/Train_Aumentado\doritos_cocaCola\aug_2_dorito_cocaCola_003.jpg,0,0,0,0,0,1,1,0,0,0,0
Productos/Train_Aumentado\doritos_cocaCola\aug_2_dorito_cocaCola_004.jpg,0,0,0,0,0,1,1,0,0,0,0
Productos/Train_Aumentado\doritos_cocaCola\aug_2_dorito_cocaCola_005.jpeg,0,0,0,0,0,1,1,0,0,0,0
Productos/Train_Aumentado\doritos_cocaCola\aug_2_dorito_cocaCola_006.jpeg,0,0,0,0,0,1,1,0,0,0,0
Productos/Train_Aumentado\doritos_cocaCola\aug_2_dorito_cocaCola_007.jpg,0,0,0,0,0,1,1,0,0,0,0
Productos/Train_Aumentado\doritos_cocaCola\aug_2_dorito_cocaCola_008.jpg,0,0,0,0,0,1,1,0,0,0,0
Productos/Train_Aumentado\doritos_cocaCola\aug_3_dorito_cocaCola_001.jpeg,0,0,0,0,0,1,1,0,0,0,0
Productos/Train_Aumentado\doritos_cocaCola\aug_3_dorito_cocaCola_002.jpeg,0,0,0,0,0,1,1,0,0,0,0
Productos/Train_Aumentado\doritos_cocaCola\aug_3_dorito_cocaCola_003.jpg,0,0,0,0,0,1,1,0,0,0,0
Productos/Train_Aumentado\doritos_cocaCola\aug_3_dorito_cocaCola_004.jpg,0,0,0,0,0,1,1,0,0,0,0
Productos/Train_Aumentado\doritos_cocaCola\aug_3_dorito_cocaCola_005.jpeg,0,0,0,0,0,1,1,0,0,0,0
Productos/Train_Aumentado\doritos_cocaCola\aug_3_dorito_cocaCola_006.jpeg,0,0,0,0,0,1,1,0,0,0,0
Productos/Train_Aumentado\doritos_cocaCola\aug_3_dorito_cocaCola_007.jpg,0,0,0,0,0,1,1,0,0,0,0
Productos/Train_Aumentado\doritos_cocaCola\aug_3_dorito_cocaCola_008.jpg,0,0,0,0,0,1,1,0,0,0,0
Productos/Train_Aumentado\doritos_cocaCola\aug_4_dorito_cocaCola_001.jpeg,0,0,0,0,0,1,1,0,0,0,0
Productos/Train_Aumentado\doritos_cocaCola\aug_4_dorito_cocaCola_002.jpeg,0,0,0,0,0,1,1,0,0,0,0
Productos/Train_Aumentado\doritos_cocaCola\aug_4_dorito_cocaCola_003.jpg,0,0,0,0,0,1,1,0,0,0,0
Productos/Train_Aumentado\doritos_cocaCola\aug_4_dorito_cocaCola_004.jpg,0,0,0,0,0,1,1,0,0,0,0
Productos/Train_Aumentado\doritos_cocaCola\aug_4_dorito_cocaCola_005.jpeg,0,0,0,0,0,1,1,0,0,0,0
Productos/Train_Aumentado\doritos_cocaCola\aug_4_dorito_cocaCola_006.jpeg,0,0,0,0,0,1,1,0,0,0,0
Productos/Train_Aumentado\doritos_cocaCola\aug_4_dorito_cocaCola_007.jpg,0,0,0,0,0,1,1,0,0,0,0
Productos/Train_Aumentado\doritos_cocaCola\aug_4_dorito_cocaCola_008.jpg,0,0,0,0,0,1,1,0,0,0,0
Productos/Train_Aumentado\doritos_cocaCola\aug_5_dorito_cocaCola_001.jpeg,0,0,0,0,0,1,1,0,0,0,0
Productos/Train_Aumentado\doritos_cocaCola\aug_5_dorito_cocaCola_003.jpg,0,0,0,0,0,1,1,0,0,0,0
Productos/Train_Aumentado\doritos_cocaCola\aug_5_dorito_cocaCola_004.jpg,0,0,0,0,0,1,1,0,0,0,0
Productos/Train_Aumentado\doritos_cocaCola\aug_5_dorito_cocaCola_005.jpeg,0,0,0,0,0,1,1,0,0,0,0
Productos/Train_Aumentado\doritos_cocaCola\aug_5_dorito_cocaCola_006.jpeg,0,0,0,0,0,1,1,0,0,0,0
Productos/Train_Aumentado\doritos_cocaCola\aug_5_dorito_cocaCola_007.jpg,0,0,0,0,0,1,1,0,0,0,0
Productos/Train_Aumentado\doritos_cocaCola\aug_5_dorito_cocaCola_008.jpg,0,0,0,0,0,1,1,0,0,0,0
Productos/Train_Aumentado\doritos_cocaCola\aug_6_dorito_cocaCola_001.jpeg,0,0,0,0,0,1,1,0,0,0,0
Productos/Train_Aumentado\doritos_cocaCola\aug_6_dorito_cocaCola_002.jpeg,0,0,0,0,0,1,1,0,0,0,0
Productos/Train_Aumentado\doritos_cocaCola\aug_6_dorito_cocaCola_003.jpg,0,0,0,0,0,1,1,0,0,0,0
Productos/Train_Aumentado\doritos_cocaCola\aug_6_dorito_cocaCola_004.jpg,0,0,0,0,0,1,1,0,0,0,0
Productos/Train_Aumentado\doritos_cocaCola\aug_6_dorito_cocaCola_006.jpeg,0,0,0,0,0,1,1,0,0,0,0
Productos/Train_Aumentado\doritos_cocaCola\aug_6_dorito_cocaCola_007.jpg,0,0,0,0,0,1,1,0,0,0,0
Productos/Train_Aumentado\doritos_cocaCola\aug_6_dorito_cocaCola_008.jpg,0,0,0,0,0,1,1,0,0,0,0
Productos/Train_Aumentado\doritos_cocaCola\aug_7_dorito_cocaCola_001.jpeg,0,0,0,0,0,1,1,0,0,0,0
Productos/Train_Aumentado\doritos_cocaCola\aug_7_dorito_cocaCola_002.jpeg,0,0,0,0,0,1,1,0,0,0,0
Productos/Train_Aumentado\doritos_cocaCola\aug_7_dorito_cocaCola_003.jpg,0,0,0,0,0,1,1,0,0,0,0
Productos/Train_Aumentado\doritos_cocaCola\aug_7_dorito_cocaCola_004.jpg,0,0,0,0,0,1,1,0,0,0,0
Productos/Train_Aumentado\doritos_cocaCola\aug_7_dorito_cocaCola_005.jpeg,0,0,0,0,0,1,1,0,0,0,0
Productos/Train_Aumentado\doritos_cocaCola\aug_7_dorito_cocaCola_006.jpeg,0,0,0,0,0,1,1,0,0,0,0
Productos/Train_Aumentado\doritos_cocaCola\aug_7_dorito_cocaCola_007.jpg,0,0,0,0,0,1,1,0,0,0,0
Productos/Train_Aumentado\doritos_cocaCola\aug_7_dorito_cocaCola_008.jpg,0,0,0,0,0,1,1,0,0,0,0
Productos/Train_Aumentado\doritos_cocaCola\aug_8_dorito_cocaCola_001.jpeg,0,0,0,0,0,1,1,0,0,0,0
Productos/Train_Aumentado\doritos_cocaCola\aug_8_dorito_cocaCola_002.jpeg,0,0,0,0,0,1,1,0,0,0,0
Productos/Train_Aumentado\doritos_cocaCola\aug_8_dorito_cocaCola_003.jpg,0,0,0,0,0,1,1,0,0,0,0
Productos/Train_Aumentado\doritos_cocaCola\aug_8_dorito_cocaCola_004.jpg,0,0,0,0,0,1,1,0,0,0,0
Productos/Train_Aumentado\doritos_cocaCola\aug_8_dorito_cocaCola_005.jpeg,0,0,0,0,0,1,1,0,0,0,0
Productos/Train_Aumentado\doritos_cocaCola\aug_8_dorito_cocaCola_006.jpeg,0,0,0,0,0,1,1,0,0,0,0
Productos/Train_Aumentado\doritos_cocaCola\aug_8_dorito_cocaCola_007.jpg,0,0,0,0,0,1,1,0,0,0,0
Productos/Train_Aumentado\doritos_cocaCola\aug_8_dorito_cocaCola_008.jpg,0,0,0,0,0,1,1,0,0,0,0
Productos/Train_Aumentado\doritos_cocaCola\aug_9_dorito_cocaCola_001.jpeg,0,0,0,0,0,1,1,0,0,0,0
Productos/Train_Aumentado\doritos_cocaCola\aug_9_dorito_cocaCola_002.jpeg,0,0,0,0,0,1,1,0,0,0,0
Productos/Train_Aumentado\doritos_cocaCola\aug_9_dorito_cocaCola_003.jpg,0,0,0,0,0,1,1,0,0,0,0
Productos/Train_Aumentado\doritos_cocaCola\aug_9_dorito_cocaCola_004.jpg,0,0,0,0,0,1,1,0,0,0,0
Productos/Train_Aumentado\doritos_cocaCola\aug_9_dorito_cocaCola_005.jpeg,0,0,0,0,0,1,1,0,0,0,0
Productos/Train_Aumentado\doritos_cocaCola\aug_9_dorito_cocaCola_006.jpeg,0,0,0,0,0,1,1,0,0,0,0
Productos/Train_Aumentado\doritos_cocaCola\aug_9_dorito_cocaCola_007.jpg,0,0,0,0,0,1,1,0,0,0,0
Productos/Train_Aumentado\doritos_cocaCola\aug_9_dorito_cocaCola_008.jpg,0,0,0,0,0,1,1,0,0,0,0
Productos/Train_Aumentado\doritos_cocaCola\dorito_cocaCola_001.jpeg,0,0,0,0,0,1,1,0,0,0,0
Productos/Train_Aumentado\doritos_cocaCola\dorito_cocaCola_002.jpeg,0,0,0,0,0,1,1,0,0,0,0
Productos/Train_Aumentado\doritos_cocaCola\dorito_cocaCola_003.jpg,0,0,0,0,0,1,1,0,0,0,0
Productos/Train_Aumentado\doritos_cocaCola\dorito_cocaCola_004.jpg,0,0,0,0,0,1,1,0,0,0,0
Productos/Train_Aumentado\doritos_cocaCola\dorito_cocaCola_005.jpeg,0,0,0,0,0,1,1,0,0,0,0
Productos/Train_Aumentado\doritos_cocaCola\dorito_cocaCola_006.jpeg,0,0,0,0,0,1,1,0,0,0,0
Productos/Train_Aumentado\doritos_cocaCola\dorito_cocaCola_007.jpg,0,0,0,0,0,1,1,0,0,0,0
Productos/Train_Aumentado\doritos_cocaCola\dorito_cocaCola_008.jpg,0,0,0,0,0,1,1,0,0,0,0
Productos/Train_Aumentado\Orange\aug_0_Orange_001.jpg,0,1,0,0,0,0,0,0,0,0,0
Productos/Train_Aumentado\Orange\aug_0_Orange_002.jpg,0,1,0,0,0,0,0,0,0,0,0
Productos/Train_Aumentado\Orange\aug_0_Orange_003.jpg,0,1,0,0,0,0,0,0,0,0,0
Productos/Train_Aumentado\Orange\aug_0_Orange_004.jpg,0,1,0,0,0,0,0,0,0,0,0
Productos/Train_Aumentado\Orange\aug_0_Orange_005.jpg,0,1,0,0,0,0,0,0,0,0,0
Productos/Train_Aumentado\Orange\aug_0_Orange_006.jpg,0,1,0,0,0,0,0,0,0,0,0
Productos/Train_Aumentado\Orange\aug_0_Orange_007.jpg,0,1,0,0,0,0,0,0,0,0,0
Productos/Train_Aumentado\Orange\aug_0_Orange_009.jpg,0,1,0,0,0,0,0,0,0,0,0
Productos/Train_Aumentado\Orange\aug_0_Orange_010.jpg,0,1,0,0,0,0,0,0,0,0,0
Productos/Train_Aumentado\Orange\aug_0_Orange_011.jpg,0,1,0,0,0,0,0,0,0,0,0
Productos/Train_Aumentado\Orange\aug_0_Orange_012.jpg,0,1,0,0,0,0,0,0,0,0,0
Productos/Train_Aumentado\Orange\aug_0_Orange_013.jpg,0,1,0,0,0,0,0,0,0,0,0
Productos/Train_Aumentado\Orange\aug_0_Orange_014.jpg,0,1,0,0,0,0,0,0,0,0,0
Productos/Train_Aumentado\Orange\aug_0_Orange_015.jpg,0,1,0,0,0,0,0,0,0,0,0
Productos/Train_Aumentado\Orange\aug_0_Orange_017.jpg,0,1,0,0,0,0,0,0,0,0,0
Productos/Train_Aumentado\Orange\aug_0_Orange_019.jpg,0,1,0,0,0,0,0,0,0,0,0
Productos/Train_Aumentado\Orange\aug_1_Orange_001.jpg,0,1,0,0,0,0,0,0,0,0,0
Productos/Train_Aumentado\Orange\aug_1_Orange_002.jpg,0,1,0,0,0,0,0,0,0,0,0
Productos/Train_Aumentado\Orange\aug_1_Orange_003.jpg,0,1,0,0,0,0,0,0,0,0,0
Productos/Train_Aumentado\Orange\aug_1_Orange_004.jpg,0,1,0,0,0,0,0,0,0,0,0
Productos/Train_Aumentado\Orange\aug_1_Orange_005.jpg,0,1,0,0,0,0,0,0,0,0,0
Productos/Train_Aumentado\Orange\aug_1_Orange_006.jpg,0,1,0,0,0,0,0,0,0,0,0
Productos/Train_Aumentado\Orange\aug_1_Orange_007.jpg,0,1,0,0,0,0,0,0,0,0,0
Productos/Train_Aumentado\Orange\aug_1_Orange_009.jpg,0,1,0,0,0,0,0,0,0,0,0
Productos/Train_Aumentado\Orange\aug_1_Orange_011.jpg,0,1,0,0,0,0,0,0,0,0,0
Productos/Train_Aumentado\Orange\aug_1_Orange_013.jpg,0,1,0,0,0,0,0,0,0,0,0
Productos/Train_Aumentado\Orange\aug_1_Orange_014.jpg,0,1,0,0,0,0,0,0,0,0,0
Productos/Train_Aumentado\Orange\aug_1_Orange_015.jpg,0,1,0,0,0,0,0,0,0,0,0
Productos/Train_Aumentado\Orange\aug_1_Orange_016.jpg,0,1,0,0,0,0,0,0,0,0,0
Productos/Train_Aumentado\Orange\aug_1_Orange_017.jpg,0,1,0,0,0,0,0,0,0,0,0
Productos/Train_Aumentado\Orange\aug_1_Orange_019.jpg,0,1,0,0,0,0,0,0,0,0,0
Productos/Train_Aumentado\Orange\aug_2_Orange_001.jpg,0,1,0,0,0,0,0,0,0,0,0
Productos/Train_Aumentado\Orange\aug_2_Orange_002.jpg,0,1,0,0,0,0,0,0,0,0,0
Productos/Train_Aumentado\Orange\aug_2_Orange_003.jpg,0,1,0,0,0,0,0,0,0,0,0
Productos/Train_Aumentado\Orange\aug_2_Orange_004.jpg,0,1,0,0,0,0,0,0,0,0,0
Productos/Train_Aumentado\Orange\aug_2_Orange_005.jpg,0,1,0,0,0,0,0,0,0,0,0
Productos/Train_Aumentado\Orange\aug_2_Orange_006.jpg,0,1,0,0,0,0,0,0,0,0,0
Productos/Train_Aumentado\Orange\aug_2_Orange_007.jpg,0,1,0,0,0,0,0,0,0,0,0
Productos/Train_Aumentado\Orange\aug_2_Orange_009.jpg,0,1,0,0,0,0,0,0,0,0,0
Productos/Train_Aumentado\Orange\aug_2_Orange_011.jpg,0,1,0,0,0,0,0,0,0,0,0
Productos/Train_Aumentado\Orange\aug_2_Orange_012.jpg,0,1,0,0,0,0,0,0,0,0,0
Productos/Train_Aumentado\Orange\aug_2_Orange_013.jpg,0,1,0,0,0,0,0,0,0,0,0
Productos/Train_Aumentado\Orange\aug_2_Orange_014.jpg,0,1,0,0,0,0,0,0,0,0,0
Productos/Train_Aumentado\Orange\aug_2_Orange_015.jpg,0,1,0,0,0,0,0,0,0,0,0
Productos/Train_Aumentado\Orange\aug_2_Orange_017.jpg,0,1,0,0,0,0,0,0,0,0,0
Productos/Train_Aumentado\Orange\aug_2_Orange_019.jpg,0,1,0,0,0,0,0,0,0,0,0
Productos/Train_Aumentado\Orange\aug_3_Orange_001.jpg,0,1,0,0,0,0,0,0,0,0,0
Productos/Train_Aumentado\Orange\aug_3_Orange_002.jpg,0,1,0,0,0,0,0,0,0,0,0
Productos/Train_Aumentado\Orange\aug_3_Orange_003.jpg,0,1,0,0,0,0,0,0,0,0,0
Productos/Train_Aumentado\Orange\aug_3_Orange_004.jpg,0,1,0,0,0,0,0,0,0,0,0
Productos/Train_Aumentado\Orange\aug_3_Orange_005.jpg,0,1,0,0,0,0,0,0,0,0,0
Productos/Train_Aumentado\Orange\aug_3_Orange_006.jpg,0,1,0,0,0,0,0,0,0,0,0
Productos/Train_Aumentado\Orange\aug_3_Orange_007.jpg,0,1,0,0,0,0,0,0,0,0,0
Productos/Train_Aumentado\Orange\aug_3_Orange_008.jpg,0,1,0,0,0,0,0,0,0,0,0
Productos/Train_Aumentado\Orange\aug_3_Orange_009.jpg,0,1,0,0,0,0,0,0,0,0,0
Productos/Train_Aumentado\Orange\aug_3_Orange_010.jpg,0,1,0,0,0,0,0,0,0,0,0
Productos/Train_Aumentado\Orange\aug_3_Orange_011.jpg,0,1,0,0,0,0,0,0,0,0,0
Productos/Train_Aumentado\Orange\aug_3_Orange_012.jpg,0,1,0,0,0,0,0,0,0,0,0
Productos/Train_Aumentado\Orange\aug_3_Orange_013.jpg,0,1,0,0,0,0,0,0,0,0,0
Productos/Train_Aumentado\Orange\aug_3_Orange_016.jpg,0,1,0,0,0,0,0,0,0,0,0
Productos/Train_Aumentado\Orange\aug_3_Orange_017.jpg,0,1,0,0,0,0,0,0,0,0,0
Productos/Train_Aumentado\Orange\aug_3_Orange_019.jpg,0,1,0,0,0,0,0,0,0,0,0
Productos/Train_Aumentado\Orange\aug_4_Orange_003.jpg,0,1,0,0,0,0,0,0,0,0,0
Productos/Train_Aumentado\Orange\aug_4_Orange_005.jpg,0,1,0,0,0,0,0,0,0,0,0
Productos/Train_Aumentado\Orange\aug_4_Orange_006.jpg,0,1,0,0,0,0,0,0,0,0,0
Productos/Train_Aumentado\Orange\aug_4_Orange_007.jpg,0,1,0,0,0,0,0,0,0,0,0
Productos/Train_Aumentado\Orange\aug_4_Orange_009.jpg,0,1,0,0,0,0,0,0,0,0,0
Productos/Train_Aumentado\Orange\aug_4_Orange_010.jpg,0,1,0,0,0,0,0,0,0,0,0
Productos/Train_Aumentado\Orange\aug_4_Orange_011.jpg,0,1,0,0,0,0,0,0,0,0,0
Productos/Train_Aumentado\Orange\aug_4_Orange_012.jpg,0,1,0,0,0,0,0,0,0,0,0
Productos/Train_Aumentado\Orange\aug_4_Orange_013.jpg,0,1,0,0,0,0,0,0,0,0,0
Productos/Train_Aumentado\Orange\aug_4_Orange_014.jpg,0,1,0,0,0,0,0,0,0,0,0
Productos/Train_Aumentado\Orange\aug_4_Orange_015.jpg,0,1,0,0,0,0,0,0,0,0,0
Productos/Train_Aumentado\Orange\aug_4_Orange_017.jpg,0,1,0,0,0,0,0,0,0,0,0
Productos/Train_Aumentado\Orange\aug_4_Orange_019.jpg,0,1,0,0,0,0,0,0,0,0,0
Productos/Train_Aumentado\Orange\aug_5_Orange_001.jpg,0,1,0,0,0,0,0,0,0,0,0
Productos/Train_Aumentado\Orange\aug_5_Orange_002.jpg,0,1,0,0,0,0,0,0,0,0,0
Productos/Train_Aumentado\Orange\aug_5_Orange_003.jpg,0,1,0,0,0,0,0,0,0,0,0
Productos/Train_Aumentado\Orange\aug_5_Orange_004.jpg,0,1,0,0,0,0,0,0,0,0,0
Productos/Train_Aumentado\Orange\aug_5_Orange_005.jpg,0,1,0,0,0,0,0,0,0,0,0
Productos/Train_Aumentado\Orange\aug_5_Orange_006.jpg,0,1,0,0,0,0,0,0,0,0,0
Productos/Train_Aumentado\Orange\aug_5_Orange_007.jpg,0,1,0,0,0,0,0,0,0,0,0
Productos/Train_Aumentado\Orange\aug_5_Orange_008.jpg,0,1,0,0,0,0,0,0,0,0,0
Productos/Train_Aumentado\Orange\aug_5_Orange_009.jpg,0,1,0,0,0,0,0,0,0,0,0
Productos/Train_Aumentado\Orange\aug_5_Orange_011.jpg,0,1,0,0,0,0,0,0,0,0,0
Productos/Train_Aumentado\Orange\aug_5_Orange_013.jpg,0,1,0,0,0,0,0,0,0,0,0
Productos/Train_Aumentado\Orange\aug_5_Orange_015.jpg,0,1,0,0,0,0,0,0,0,0,0
Productos/Train_Aumentado\Orange\aug_5_Orange_016.jpg,0,1,0,0,0,0,0,0,0,0,0
Productos/Train_Aumentado\Orange\aug_5_Orange_017.jpg,0,1,0,0,0,0,0,0,0,0,0
Productos/Train_Aumentado\Orange\aug_5_Orange_019.jpg,0,1,0,0,0,0,0,0,0,0,0
Productos/Train_Aumentado\Red-Bell-Pepper\aug_0_Red-Bell-Pepper_002.jpg,0,0,1,0,0,0,0,0,0,0,0
Productos/Train_Aumentado\Red-Bell-Pepper\aug_0_Red-Bell-Pepper_003.jpg,0,0,1,0,0,0,0,0,0,0,0
Productos/Train_Aumentado\Red-Bell-Pepper\aug_0_Red-Bell-Pepper_004.jpg,0,0,1,0,0,0,0,0,0,0,0
Productos/Train_Aumentado\Red-Bell-Pepper\aug_0_Red-Bell-Pepper_005.jpg,0,0,1,0,0,0,0,0,0,0,0
Productos/Train_Aumentado\Red-Bell-Pepper\aug_0_Red-Bell-Pepper_006.jpg,0,0,1,0,0,0,0,0,0,0,0
Productos/Train_Aumentado\Red-Bell-Pepper\aug_0_Red-Bell-Pepper_008.jpg,0,0,1,0,0,0,0,0,0,0,0
Productos/Train_Aumentado\Red-Bell-Pepper\aug_0_Red-Bell-Pepper_009.jpg,0,0,1,0,0,0,0,0,0,0,0
Productos/Train_Aumentado\Red-Bell-Pepper\aug_0_Red-Bell-Pepper_011.jpg,0,0,1,0,0,0,0,0,0,0,0
Productos/Train_Aumentado\Red-Bell-Pepper\aug_0_Red-Bell-Pepper_014.jpg,0,0,1,0,0,0,0,0,0,0,0
Productos/Train_Aumentado\Red-Bell-Pepper\aug_0_Red-Bell-Pepper_015.jpg,0,0,1,0,0,0,0,0,0,0,0
Productos/Train_Aumentado\Red-Bell-Pepper\aug_0_Red-Bell-Pepper_016.jpg,0,0,1,0,0,0,0,0,0,0,0
Productos/Train_Aumentado\Red-Bell-Pepper\aug_0_Red-Bell-Pepper_017.jpg,0,0,1,0,0,0,0,0,0,0,0
Productos/Train_Aumentado\Red-Bell-Pepper\aug_0_Red-Bell-Pepper_018.jpg,0,0,1,0,0,0,0,0,0,0,0
Productos/Train_Aumentado\Red-Bell-Pepper\aug_0_Red-Bell-Pepper_019.jpg,0,0,1,0,0,0,0,0,0,0,0
Productos/Train_Aumentado\Red-Bell-Pepper\aug_1_Red-Bell-Pepper_001.jpg,0,0,1,0,0,0,0,0,0,0,0
Productos/Train_Aumentado\Red-Bell-Pepper\aug_1_Red-Bell-Pepper_003.jpg,0,0,1,0,0,0,0,0,0,0,0
Productos/Train_Aumentado\Red-Bell-Pepper\aug_1_Red-Bell-Pepper_004.jpg,0,0,1,0,0,0,0,0,0,0,0
Productos/Train_Aumentado\Red-Bell-Pepper\aug_1_Red-Bell-Pepper_005.jpg,0,0,1,0,0,0,0,0,0,0,0
Productos/Train_Aumentado\Red-Bell-Pepper\aug_1_Red-Bell-Pepper_006.jpg,0,0,1,0,0,0,0,0,0,0,0
Productos/Train_Aumentado\Red-Bell-Pepper\aug_1_Red-Bell-Pepper_007.jpg,0,0,1,0,0,0,0,0,0,0,0
Productos/Train_Aumentado\Red-Bell-Pepper\aug_1_Red-Bell-Pepper_008.jpg,0,0,1,0,0,0,0,0,0,0,0
Productos/Train_Aumentado\Red-Bell-Pepper\aug_1_Red-Bell-Pepper_010.jpg,0,0,1,0,0,0,0,0,0,0,0
Productos/Train_Aumentado\Red-Bell-Pepper\aug_1_Red-Bell-Pepper_011.jpg,0,0,1,0,0,0,0,0,0,0,0
Productos/Train_Aumentado\Red-Bell-Pepper\aug_1_Red-Bell-Pepper_014.jpg,0,0,1,0,0,0,0,0,0,0,0
Productos/Train_Aumentado\Red-Bell-Pepper\aug_1_Red-Bell-Pepper_015.jpg,0,0,1,0,0,0,0,0,0,0,0
Productos/Train_Aumentado\Red-Bell-Pepper\aug_1_Red-Bell-Pepper_017.jpg,0,0,1,0,0,0,0,0,0,0,0
Productos/Train_Aumentado\Red-Bell-Pepper\aug_1_Red-Bell-Pepper_018.jpg,0,0,1,0,0,0,0,0,0,0,0
Productos/Train_Aumentado\Red-Bell-Pepper\aug_1_Red-Bell-Pepper_019.jpg,0,0,1,0,0,0,0,0,0,0,0
Productos/Train_Aumentado\Red-Bell-Pepper\aug_2_Red-Bell-Pepper_001.jpg,0,0,1,0,0,0,0,0,0,0,0
Productos/Train_Aumentado\Red-Bell-Pepper\aug_2_Red-Bell-Pepper_002.jpg,0,0,1,0,0,0,0,0,0,0,0
Productos/Train_Aumentado\Red-Bell-Pepper\aug_2_Red-Bell-Pepper_003.jpg,0,0,1,0,0,0,0,0,0,0,0
Productos/Train_Aumentado\Red-Bell-Pepper\aug_2_Red-Bell-Pepper_004.jpg,0,0,1,0,0,0,0,0,0,0,0
Productos/Train_Aumentado\Red-Bell-Pepper\aug_2_Red-Bell-Pepper_005.jpg,0,0,1,0,0,0,0,0,0,0,0
Productos/Train_Aumentado\Red-Bell-Pepper\aug_2_Red-Bell-Pepper_006.jpg,0,0,1,0,0,0,0,0,0,0,0
Productos/Train_Aumentado\Red-Bell-Pepper\aug_2_Red-Bell-Pepper_007.jpg,0,0,1,0,0,0,0,0,0,0,0
Productos/Train_Aumentado\Red-Bell-Pepper\aug_2_Red-Bell-Pepper_008.jpg,0,0,1,0,0,0,0,0,0,0,0
Productos/Train_Aumentado\Red-Bell-Pepper\aug_2_Red-Bell-Pepper_010.jpg,0,0,1,0,0,0,0,0,0,0,0
Productos/Train_Aumentado\Red-Bell-Pepper\aug_2_Red-Bell-Pepper_011.jpg,0,0,1,0,0,0,0,0,0,0,0
Productos/Train_Aumentado\Red-Bell-Pepper\aug_2_Red-Bell-Pepper_012.jpg,0,0,1,0,0,0,0,0,0,0,0
Productos/Train_Aumentado\Red-Bell-Pepper\aug_2_Red-Bell-Pepper_013.jpg,0,0,1,0,0,0,0,0,0,0,0
Productos/Train_Aumentado\Red-Bell-Pepper\aug_2_Red-Bell-Pepper_014.jpg,0,0,1,0,0,0,0,0,0,0,0
Productos/Train_Aumentado\Red-Bell-Pepper\aug_2_Red-Bell-Pepper_015.jpg,0,0,1,0,0,0,0,0,0,0,0
Productos/Train_Aumentado\Red-Bell-Pepper\aug_2_Red-Bell-Pepper_016.jpg,0,0,1,0,0,0,0,0,0,0,0
Productos/Train_Aumentado\Red-Bell-Pepper\aug_2_Red-Bell-Pepper_017.jpg,0,0,1,0,0,0,0,0,0,0,0
Productos/Train_Aumentado\Red-Bell-Pepper\aug_2_Red-Bell-Pepper_018.jpg,0,0,1,0,0,0,0,0,0,0,0
Productos/Train_Aumentado\Red-Bell-Pepper\aug_3_Red-Bell-Pepper_001.jpg,0,0,1,0,0,0,0,0,0,0,0
Productos/Train_Aumentado\Red-Bell-Pepper\aug_3_Red-Bell-Pepper_002.jpg,0,0,1,0,0,0,0,0,0,0,0
Productos/Train_Aumentado\Red-Bell-Pepper\aug_3_Red-Bell-Pepper_003.jpg,0,0,1,0,0,0,0,0,0,0,0
Productos/Train_Aumentado\Red-Bell-Pepper\aug_3_Red-Bell-Pepper_004.jpg,0,0,1,0,0,0,0,0,0,0,0
Productos/Train_Aumentado\Red-Bell-Pepper\aug_3_Red-Bell-Pepper_005.jpg,0,0,1,0,0,0,0,0,0,0,0
Productos/Train_Aumentado\Red-Bell-Pepper\aug_3_Red-Bell-Pepper_006.jpg,0,0,1,0,0,0,0,0,0,0,0
Productos/Train_Aumentado\Red-Bell-Pepper\aug_3_Red-Bell-Pepper_008.jpg,0,0,1,0,0,0,0,0,0,0,0
Productos/Train_Aumentado\Red-Bell-Pepper\aug_3_Red-Bell-Pepper_010.jpg,0,0,1,0,0,0,0,0,0,0,0
Productos/Train_Aumentado\Red-Bell-Pepper\aug_3_Red-Bell-Pepper_011.jpg,0,0,1,0,0,0,0,0,0,0,0
Productos/Train_Aumentado\Red-Bell-Pepper\aug_3_Red-Bell-Pepper_012.jpg,0,0,1,0,0,0,0,0,0,0,0
Productos/Train_Aumentado\Red-Bell-Pepper\aug_3_Red-Bell-Pepper_013.jpg,0,0,1,0,0,0,0,0,0,0,0
Productos/Train_Aumentado\Red-Bell-Pepper\aug_3_Red-Bell-Pepper_015.jpg,0,0,1,0,0,0,0,0,0,0,0
Productos/Train_Aumentado\Red-Bell-Pepper\aug_3_Red-Bell-Pepper_016.jpg,0,0,1,0,0,0,0,0,0,0,0
Productos/Train_Aumentado\Red-Bell-Pepper\aug_3_Red-Bell-Pepper_017.jpg,0,0,1,0,0,0,0,0,0,0,0
Productos/Train_Aumentado\Red-Bell-Pepper\aug_3_Red-Bell-Pepper_018.jpg,0,0,1,0,0,0,0,0,0,0,0
Productos/Train_Aumentado\Red-Bell-Pepper\aug_3_Red-Bell-Pepper_020.jpg,0,0,1,0,0,0,0,0,0,0,0
Productos/Train_Aumentado\Red-Bell-Pepper\aug_4_Red-Bell-Pepper_001.jpg,0,0,1,0,0,0,0,0,0,0,0
Productos/Train_Aumentado\Red-Bell-Pepper\aug_4_Red-Bell-Pepper_002.jpg,0,0,1,0,0,0,0,0,0,0,0
Productos/Train_Aumentado\Red-Bell-Pepper\aug_4_Red-Bell-Pepper_003.jpg,0,0,1,0,0,0,0,0,0,0,0
Productos/Train_Aumentado\Red-Bell-Pepper\aug_4_Red-Bell-Pepper_004.jpg,0,0,1,0,0,0,0,0,0,0,0
Productos/Train_Aumentado\Red-Bell-Pepper\aug_4_Red-Bell-Pepper_005.jpg,0,0,1,0,0,0,0,0,0,0,0
Productos/Train_Aumentado\Red-Bell-Pepper\aug_4_Red-Bell-Pepper_006.jpg,0,0,1,0,0,0,0,0,0,0,0
Productos/Train_Aumentado\Red-Bell-Pepper\aug_4_Red-Bell-Pepper_009.jpg,0,0,1,0,0,0,0,0,0,0,0
Productos/Train_Aumentado\Red-Bell-Pepper\aug_4_Red-Bell-Pepper_010.jpg,0,0,1,0,0,0,0,0,0,0,0
Productos/Train_Aumentado\Red-Bell-Pepper\aug_4_Red-Bell-Pepper_011.jpg,0,0,1,0,0,0,0,0,0,0,0
Productos/Train_Aumentado\Red-Bell-Pepper\aug_4_Red-Bell-Pepper_014.jpg,0,0,1,0,0,0,0,0,0,0,0
Productos/Train_Aumentado\Red-Bell-Pepper\aug_4_Red-Bell-Pepper_016.jpg,0,0,1,0,0,0,0,0,0,0,0
Productos/Train_Aumentado\Red-Bell-Pepper\aug_4_Red-Bell-Pepper_017.jpg,0,0,1,0,0,0,0,0,0,0,0
Productos/Train_Aumentado\Red-Bell-Pepper\aug_4_Red-Bell-Pepper_018.jpg,0,0,1,0,0,0,0,0,0,0,0
Productos/Train_Aumentado\Red-Bell-Pepper\aug_4_Red-Bell-Pepper_019.jpg,0,0,1,0,0,0,0,0,0,0,0
Productos/Train_Aumentado\Red-Bell-Pepper\aug_4_Red-Bell-Pepper_020.jpg,0,0,1,0,0,0,0,0,0,0,0
Productos/Train_Aumentado\Red-Bell-Pepper\aug_5_Red-Bell-Pepper_001.jpg,0,0,1,0,0,0,0,0,0,0,0
Productos/Train_Aumentado\Red-Bell-Pepper\aug_5_Red-Bell-Pepper_002.jpg,0,0,1,0,0,0,0,0,0,0,0
Productos/Train_Aumentado\Red-Bell-Pepper\aug_5_Red-Bell-Pepper_003.jpg,0,0,1,0,0,0,0,0,0,0,0
Productos/Train_Aumentado\Red-Bell-Pepper\aug_5_Red-Bell-Pepper_004.jpg,0,0,1,0,0,0,0,0,0,0,0
Productos/Train_Aumentado\Red-Bell-Pepper\aug_5_Red-Bell-Pepper_005.jpg,0,0,1,0,0,0,0,0,0,0,0
Productos/Train_Aumentado\Red-Bell-Pepper\aug_5_Red-Bell-Pepper_008.jpg,0,0,1,0,0,0,0,0,0,0,0
Productos/Train_Aumentado\Red-Bell-Pepper\aug_5_Red-Bell-Pepper_009.jpg,0,0,1,0,0,0,0,0,0,0,0
Productos/Train_Aumentado\Red-Bell-Pepper\aug_5_Red-Bell-Pepper_011.jpg,0,0,1,0,0,0,0,0,0,0,0
Productos/Train_Aumentado\Red-Bell-Pepper\aug_5_Red-Bell-Pepper_012.jpg,0,0,1,0,0,0,0,0,0,0,0
Productos/Train_Aumentado\Red-Bell-Pepper\aug_5_Red-Bell-Pepper_013.jpg,0,0,1,0,0,0,0,0,0,0,0
Productos/Train_Aumentado\Red-Bell-Pepper\aug_5_Red-Bell-Pepper_014.jpg,0,0,1,0,0,0,0,0,0,0,0
Productos/Train_Aumentado\Red-Bell-Pepper\aug_5_Red-Bell-Pepper_016.jpg,0,0,1,0,0,0,0,0,0,0,0
Productos/Train_Aumentado\Red-Bell-Pepper\aug_5_Red-Bell-Pepper_017.jpg,0,0,1,0,0,0,0,0,0,0,0
Productos/Train_Aumentado\Red-Bell-Pepper\aug_5_Red-Bell-Pepper_020.jpg,0,0,1,0,0,0,0,0,0,0,0
Productos/Train_Aumentado\red-bull\aug_0_red_bull_001.jpg,0,0,0,0,0,0,0,1,0,0,0
Productos/Train_Aumentado\red-bull\aug_0_red_bull_002.jpg,0,0,0,0,0,0,0,1,0,0,0
Productos/Train_Aumentado\red-bull\aug_0_red_bull_003.jpg,0,0,0,0,0,0,0,1,0,0,0
Productos/Train_Aumentado\red-bull\aug_0_red_bull_004.jpg,0,0,0,0,0,0,0,1,0,0,0
Productos/Train_Aumentado\red-bull\aug_0_red_bull_005.jpg,0,0,0,0,0,0,0,1,0,0,0
Productos/Train_Aumentado\red-bull\aug_0_red_bull_006.jpg,0,0,0,0,0,0,0,1,0,0,0
Productos/Train_Aumentado\red-bull\aug_0_red_bull_007.jpg,0,0,0,0,0,0,0,1,0,0,0
Productos/Train_Aumentado\red-bull\aug_0_red_bull_008.jpg,0,0,0,0,0,0,0,1,0,0,0
Productos/Train_Aumentado\red-bull\aug_0_red_bull_009.jpg,0,0,0,0,0,0,0,1,0,0,0
Productos/Train_Aumentado\red-bull\aug_0_red_bull_010.jpg,0,0,0,0,0,0,0,1,0,0,0
Productos/Train_Aumentado\red-bull\aug_0_red_bull_011.jpg,0,0,0,0,0,0,0,1,0,0,0
Productos/Train_Aumentado\red-bull\aug_0_red_bull_012.jpg,0,0,0,0,0,0,0,1,0,0,0
Productos/Train_Aumentado\red-bull\aug_0_red_bull_013.jpg,0,0,0,0,0,0,0,1,0,0,0
Productos/Train_Aumentado\red-bull\aug_0_red_bull_014.jpg,0,0,0,0,0,0,0,1,0,0,0
Productos/Train_Aumentado\red-bull\aug_0_red_bull_015.jpg,0,0,0,0,0,0,0,1,0,0,0
Productos/Train_Aumentado\red-bull\aug_1_red_bull_001.jpg,0,0,0,0,0,0,0,1,0,0,0
Productos/Train_Aumentado\red-bull\aug_1_red_bull_002.jpg,0,0,0,0,0,0,0,1,0,0,0
Productos/Train_Aumentado\red-bull\aug_1_red_bull_003.jpg,0,0,0,0,0,0,0,1,0,0,0
Productos/Train_Aumentado\red-bull\aug_1_red_bull_004.jpg,0,0,0,0,0,0,0,1,0,0,0
Productos/Train_Aumentado\red-bull\aug_1_red_bull_005.jpg,0,0,0,0,0,0,0,1,0,0,0
Productos/Train_Aumentado\red-bull\aug_1_red_bull_006.jpg,0,0,0,0,0,0,0,1,0,0,0
Productos/Train_Aumentado\red-bull\aug_1_red_bull_007.jpg,0,0,0,0,0,0,0,1,0,0,0
Productos/Train_Aumentado\red-bull\aug_1_red_bull_008.jpg,0,0,0,0,0,0,0,1,0,0,0
Productos/Train_Aumentado\red-bull\aug_1_red_bull_009.jpg,0,0,0,0,0,0,0,1,0,0,0
Productos/Train_Aumentado\red-bull\aug_1_red_bull_010.jpg,0,0,0,0,0,0,0,1,0,0,0
Productos/Train_Aumentado\red-bull\aug_1_red_bull_011.jpg,0,0,0,0,0,0,0,1,0,0,0
Productos/Train_Aumentado\red-bull\aug_1_red_bull_012.jpg,0,0,0,0,0,0,0,1,0,0,0
Productos/Train_Aumentado\red-bull\aug_1_red_bull_013.jpg,0,0,0,0,0,0,0,1,0,0,0
Productos/Train_Aumentado\red-bull\aug_1_red_bull_014.jpg,0,0,0,0,0,0,0,1,0,0,0
Productos/Train_Aumentado\red-bull\aug_1_red_bull_015.jpg,0,0,0,0,0,0,0,1,0,0,0
Productos/Train_Aumentado\red-bull\aug_2_red_bull_001.jpg,0,0,0,0,0,0,0,1,0,0,0
Productos/Train_Aumentado\red-bull\aug_2_red_bull_002.jpg,0,0,0,0,0,0,0,1,0,0,0
Productos/Train_Aumentado\red-bull\aug_2_red_bull_003.jpg,0,0,0,0,0,0,0,1,0,0,0
Productos/Train_Aumentado\red-bull\aug_2_red_bull_004.jpg,0,0,0,0,0,0,0,1,0,0,0
Productos/Train_Aumentado\red-bull\aug_2_red_bull_005.jpg,0,0,0,0,0,0,0,1,0,0,0
Productos/Train_Aumentado\red-bull\aug_2_red_bull_006.jpg,0,0,0,0,0,0,0,1,0,0,0
Productos/Train_Aumentado\red-bull\aug_2_red_bull_007.jpg,0,0,0,0,0,0,0,1,0,0,0
Productos/Train_Aumentado\red-bull\aug_2_red_bull_008.jpg,0,0,0,0,0,0,0,1,0,0,0
Productos/Train_Aumentado\red-bull\aug_2_red_bull_009.jpg,0,0,0,0,0,0,0,1,0,0,0
Productos/Train_Aumentado\red-bull\aug_2_red_bull_010.jpg,0,0,0,0,0,0,0,1,0,0,0
Productos/Train_Aumentado\red-bull\aug_2_red_bull_011.jpg,0,0,0,0,0,0,0,1,0,0,0
Productos/Train_Aumentado\red-bull\aug_2_red_bull_012.jpg,0,0,0,0,0,0,0,1,0,0,0
Productos/Train_Aumentado\red-bull\aug_2_red_bull_013.jpg,0,0,0,0,0,0,0,1,0,0,0
Productos/Train_Aumentado\red-bull\aug_2_red_bull_014.jpg,0,0,0,0,0,0,0,1,0,0,0
Productos/Train_Aumentado\red-bull\aug_2_red_bull_015.jpg,0,0,0,0,0,0,0,1,0,0,0
Productos/Train_Aumentado\red-bull\aug_3_red_bull_001.jpg,0,0,0,0,0,0,0,1,0,0,0
Productos/Train_Aumentado\red-bull\aug_3_red_bull_002.jpg,0,0,0,0,0,0,0,1,0,0,0
Productos/Train_Aumentado\red-bull\aug_3_red_bull_003.jpg,0,0,0,0,0,0,0,1,0,0,0
Productos/Train_Aumentado\red-bull\aug_3_red_bull_004.jpg,0,0,0,0,0,0,0,1,0,0,0
Productos/Train_Aumentado\red-bull\aug_3_red_bull_005.jpg,0,0,0,0,0,0,0,1,0,0,0
Productos/Train_Aumentado\red-bull\aug_3_red_bull_006.jpg,0,0,0,0,0,0,0,1,0,0,0
Productos/Train_Aumentado\red-bull\aug_3_red_bull_007.jpg,0,0,0,0,0,0,0,1,0,0,0
Productos/Train_Aumentado\red-bull\aug_3_red_bull_008.jpg,0,0,0,0,0,0,0,1,0,0,0
Productos/Train_Aumentado\red-bull\aug_3_red_bull_009.jpg,0,0,0,0,0,0,0,1,0,0,0
Productos/Train_Aumentado\red-bull\aug_3_red_bull_010.jpg,0,0,0,0,0,0,0,1,0,0,0
Productos/Train_Aumentado\red-bull\aug_3_red_bull_011.jpg,0,0,0,0,0,0,0,1,0,0,0
Productos/Train_Aumentado\red-bull\aug_3_red_bull_012.jpg,0,0,0,0,0,0,0,1,0,0,0
Productos/Train_Aumentado\red-bull\aug_3_red_bull_013.jpg,0,0,0,0,0,0,0,1,0,0,0
Productos/Train_Aumentado\red-bull\aug_3_red_bull_014.jpg,0,0,0,0,0,0,0,1,0,0,0
Productos/Train_Aumentado\red-bull\aug_3_red_bull_015.jpg,0,0,0,0,0,0,0,1,0,0,0
Productos/Train_Aumentado\red-bull\aug_4_red_bull_001.jpg,0,0,0,0,0,0,0,1,0,0,0
Productos/Train_Aumentado\red-bull\aug_4_red_bull_002.jpg,0,0,0,0,0,0,0,1,0,0,0
Productos/Train_Aumentado\red-bull\aug_4_red_bull_003.jpg,0,0,0,0,0,0,0,1,0,0,0
Productos/Train_Aumentado\red-bull\aug_4_red_bull_004.jpg,0,0,0,0,0,0,0,1,0,0,0
Productos/Train_Aumentado\red-bull\aug_4_red_bull_005.jpg,0,0,0,0,0,0,0,1,0,0,0
Productos/Train_Aumentado\red-bull\aug_4_red_bull_006.jpg,0,0,0,0,0,0,0,1,0,0,0
Productos/Train_Aumentado\red-bull\aug_4_red_bull_007.jpg,0,0,0,0,0,0,0,1,0,0,0
Productos/Train_Aumentado\red-bull\aug_4_red_bull_008.jpg,0,0,0,0,0,0,0,1,0,0,0
Productos/Train_Aumentado\red-bull\aug_4_red_bull_009.jpg,0,0,0,0,0,0,0,1,0,0,0
Productos/Train_Aumentado\red-bull\aug_4_red_bull_010.jpg,0,0,0,0,0,0,0,1,0,0,0
Productos/Train_Aumentado\red-bull\aug_4_red_bull_011.jpg,0,0,0,0,0,0,0,1,0,0,0
Productos/Train_Aumentado\red-bull\aug_4_red_bull_012.jpg,0,0,0,0,0,0,0,1,0,0,0
Productos/Train_Aumentado\red-bull\aug_4_red_bull_013.jpg,0,0,0,0,0,0,0,1,0,0,0
Productos/Train_Aumentado\red-bull\aug_4_red_bull_014.jpg,0,0,0,0,0,0,0,1,0,0,0
Productos/Train_Aumentado\red-bull\aug_4_red_bull_015.jpg,0,0,0,0,0,0,0,1,0,0,0
Productos/Train_Aumentado\red-bull\aug_5_red_bull_001.jpg,0,0,0,0,0,0,0,1,0,0,0
Productos/Train_Aumentado\red-bull\aug_5_red_bull_002.jpg,0,0,0,0,0,0,0,1,0,0,0
Productos/Train_Aumentado\red-bull\aug_5_red_bull_003.jpg,0,0,0,0,0,0,0,1,0,0,0
Productos/Train_Aumentado\red-bull\aug_5_red_bull_004.jpg,0,0,0,0,0,0,0,1,0,0,0
Productos/Train_Aumentado\red-bull\aug_5_red_bull_005.jpg,0,0,0,0,0,0,0,1,0,0,0
Productos/Train_Aumentado\red-bull\aug_5_red_bull_006.jpg,0,0,0,0,0,0,0,1,0,0,0
Productos/Train_Aumentado\red-bull\aug_5_red_bull_007.jpg,0,0,0,0,0,0,0,1,0,0,0
Productos/Train_Aumentado\red-bull\aug_5_red_bull_008.jpg,0,0,0,0,0,0,0,1,0,0,0
Productos/Train_Aumentado\red-bull\aug_5_red_bull_009.jpg,0,0,0,0,0,0,0,1,0,0,0
Productos/Train_Aumentado\red-bull\aug_5_red_bull_010.jpg,0,0,0,0,0,0,0,1,0,0,0
Productos/Train_Aumentado\red-bull\aug_5_red_bull_011.jpg,0,0,0,0,0,0,0,1,0,0,0
Productos/Train_Aumentado\red-bull\aug_5_red_bull_012.jpg,0,0,0,0,0,0,0,1,0,0,0
Productos/Train_Aumentado\red-bull\aug_5_red_bull_013.jpg,0,0,0,0,0,0,0,1,0,0,0
Productos/Train_Aumentado\red-bull\aug_5_red_bull_014.jpg,0,0,0,0,0,0,0,1,0,0,0
Productos/Train_Aumentado\red-bull\aug_5_red_bull_015.jpg,0,0,0,0,0,0,0,1,0,0,0
Productos/Train_Aumentado\shampoo-H&S\aug_0_shampoo_001.jpg,0,0,0,0,0,0,0,0,1,0,0
Productos/Train_Aumentado\shampoo-H&S\aug_0_shampoo_002.jpg,0,0,0,0,0,0,0,0,1,0,0
Productos/Train_Aumentado\shampoo-H&S\aug_0_shampoo_003.jpg,0,0,0,0,0,0,0,0,1,0,0
Productos/Train_Aumentado\shampoo-H&S\aug_0_shampoo_004.jpg,0,0,0,0,0,0,0,0,1,0,0
Productos/Train_Aumentado\shampoo-H&S\aug_0_shampoo_005.jpg,0,0,0,0,0,0,0,0,1,0,0
Productos/Train_Aumentado\shampoo-H&S\aug_0_shampoo_006.jpg,0,0,0,0,0,0,0,0,1,0,0
Productos/Train_Aumentado\shampoo-H&S\aug_0_shampoo_007.jpg,0,0,0,0,0,0,0,0,1,0,0
Productos/Train_Aumentado\shampoo-H&S\aug_0_shampoo_008.jpg,0,0,0,0,0,0,0,0,1,0,0
Productos/Train_Aumentado\shampoo-H&S\aug_0_shampoo_009.jpg,0,0,0,0,0,0,0,0,1,0,0
Productos/Train_Aumentado\shampoo-H&S\aug_0_shampoo_010.jpg,0,0,0,0,0,0,0,0,1,0,0
Productos/Train_Aumentado\shampoo-H&S\aug_0_shampoo_011.jpg,0,0,0,0,0,0,0,0,1,0,0
Productos/Train_Aumentado\shampoo-H&S\aug_0_shampoo_012.jpg,0,0,0,0,0,0,0,0,1,0,0
Productos/Train_Aumentado\shampoo-H&S\aug_0_shampoo_013.jpg,0,0,0,0,0,0,0,0,1,0,0
Productos/Train_Aumentado\shampoo-H&S\aug_0_shampoo_014.jpg,0,0,0,0,0,0,0,0,1,0,0
Productos/Train_Aumentado\shampoo-H&S\aug_0_shampoo_015.jpg,0,0,0,0,0,0,0,0,1,0,0
Productos/Train_Aumentado\shampoo-H&S\aug_1_shampoo_001.jpg,0,0,0,0,0,0,0,0,1,0,0
Productos/Train_Aumentado\shampoo-H&S\aug_1_shampoo_002.jpg,0,0,0,0,0,0,0,0,1,0,0
Productos/Train_Aumentado\shampoo-H&S\aug_1_shampoo_003.jpg,0,0,0,0,0,0,0,0,1,0,0
Productos/Train_Aumentado\shampoo-H&S\aug_1_shampoo_004.jpg,0,0,0,0,0,0,0,0,1,0,0
Productos/Train_Aumentado\shampoo-H&S\aug_1_shampoo_005.jpg,0,0,0,0,0,0,0,0,1,0,0
Productos/Train_Aumentado\shampoo-H&S\aug_1_shampoo_006.jpg,0,0,0,0,0,0,0,0,1,0,0
Productos/Train_Aumentado\shampoo-H&S\aug_1_shampoo_007.jpg,0,0,0,0,0,0,0,0,1,0,0
Productos/Train_Aumentado\shampoo-H&S\aug_1_shampoo_008.jpg,0,0,0,0,0,0,0,0,1,0,0
Productos/Train_Aumentado\shampoo-H&S\aug_1_shampoo_009.jpg,0,0,0,0,0,0,0,0,1,0,0
Productos/Train_Aumentado\shampoo-H&S\aug_1_shampoo_010.jpg,0,0,0,0,0,0,0,0,1,0,0
Productos/Train_Aumentado\shampoo-H&S\aug_1_shampoo_012.jpg,0,0,0,0,0,0,0,0,1,0,0
Productos/Train_Aumentado\shampoo-H&S\aug_1_shampoo_013.jpg,0,0,0,0,0,0,0,0,1,0,0
Productos/Train_Aumentado\shampoo-H&S\aug_1_shampoo_014.jpg,0,0,0,0,0,0,0,0,1,0,0
Productos/Train_Aumentado\shampoo-H&S\aug_1_shampoo_015.jpg,0,0,0,0,0,0,0,0,1,0,0
Productos/Train_Aumentado\shampoo-H&S\aug_1_shampoo_016.jpeg,0,0,0,0,0,0,0,0,1,0,0
Productos/Train_Aumentado\shampoo-H&S\aug_2_shampoo_001.jpg,0,0,0,0,0,0,0,0,1,0,0
Productos/Train_Aumentado\shampoo-H&S\aug_2_shampoo_002.jpg,0,0,0,0,0,0,0,0,1,0,0
Productos/Train_Aumentado\shampoo-H&S\aug_2_shampoo_003.jpg,0,0,0,0,0,0,0,0,1,0,0
Productos/Train_Aumentado\shampoo-H&S\aug_2_shampoo_004.jpg,0,0,0,0,0,0,0,0,1,0,0
Productos/Train_Aumentado\shampoo-H&S\aug_2_shampoo_005.jpg,0,0,0,0,0,0,0,0,1,0,0
Productos/Train_Aumentado\shampoo-H&S\aug_2_shampoo_006.jpg,0,0,0,0,0,0,0,0,1,0,0
Productos/Train_Aumentado\shampoo-H&S\aug_2_shampoo_007.jpg,0,0,0,0,0,0,0,0,1,0,0
Productos/Train_Aumentado\shampoo-H&S\aug_2_shampoo_008.jpg,0,0,0,0,0,0,0,0,1,0,0
Productos/Train_Aumentado\shampoo-H&S\aug_2_shampoo_009.jpg,0,0,0,0,0,0,0,0,1,0,0
Productos/Train_Aumentado\shampoo-H&S\aug_2_shampoo_010.jpg,0,0,0,0,0,0,0,0,1,0,0
Productos/Train_Aumentado\shampoo-H&S\aug_2_shampoo_011.jpg,0,0,0,0,0,0,0,0,1,0,0
Productos/Train_Aumentado\shampoo-H&S\aug_2_shampoo_012.jpg,0,0,0,0,0,0,0,0,1,0,0
Productos/Train_Aumentado\shampoo-H&S\aug_2_shampoo_013.jpg,0,0,0,0,0,0,0,0,1,0,0
Productos/Train_Aumentado\shampoo-H&S\aug_2_shampoo_014.jpg,0,0,0,0,0,0,0,0,1,0,0
Productos/Train_Aumentado\shampoo-H&S\aug_2_shampoo_015.jpg,0,0,0,0,0,0,0,0,1,0,0
Productos/Train_Aumentado\shampoo-H&S\aug_2_shampoo_016.jpeg,0,0,0,0,0,0,0,0,1,0,0
Productos/Train_Aumentado\shampoo-H&S\aug_3_shampoo_001.jpg,0,0,0,0,0,0,0,0,1,0,0
Productos/Train_Aumentado\shampoo-H&S\aug_3_shampoo_002.jpg,0,0,0,0,0,0,0,0,1,0,0
Productos/Train_Aumentado\shampoo-H&S\aug_3_shampoo_003.jpg,0,0,0,0,0,0,0,0,1,0,0
Productos/Train_Aumentado\shampoo-H&S\aug_3_shampoo_004.jpg,0,0,0,0,0,0,0,0,1,0,0
Productos/Train_Aumentado\shampoo-H&S\aug_3_shampoo_005.jpg,0,0,0,0,0,0,0,0,1,0,0
Productos/Train_Aumentado\shampoo-H&S\aug_3_shampoo_006.jpg,0,0,0,0,0,0,0,0,1,0,0
Productos/Train_Aumentado\shampoo-H&S\aug_3_shampoo_007.jpg,0,0,0,0,0,0,0,0,1,0,0
Productos/Train_Aumentado\shampoo-H&S\aug_3_shampoo_009.jpg,0,0,0,0,0,0,0,0,1,0,0
Productos/Train_Aumentado\shampoo-H&S\aug_3_shampoo_010.jpg,0,0,0,0,0,0,0,0,1,0,0
Productos/Train_Aumentado\shampoo-H&S\aug_3_shampoo_011.jpg,0,0,0,0,0,0,0,0,1,0,0
Productos/Train_Aumentado\shampoo-H&S\aug_3_shampoo_012.jpg,0,0,0,0,0,0,0,0,1,0,0
Productos/Train_Aumentado\shampoo-H&S\aug_3_shampoo_013.jpg,0,0,0,0,0,0,0,0,1,0,0
Productos/Train_Aumentado\shampoo-H&S\aug_3_shampoo_014.jpg,0,0,0,0,0,0,0,0,1,0,0
Productos/Train_Aumentado\shampoo-H&S\aug_3_shampoo_015.jpg,0,0,0,0,0,0,0,0,1,0,0
Productos/Train_Aumentado\shampoo-H&S\aug_3_shampoo_016.jpeg,0,0,0,0,0,0,0,0,1,0,0
Productos/Train_Aumentado\shampoo-H&S\aug_4_shampoo_001.jpg,0,0,0,0,0,0,0,0,1,0,0
Productos/Train_Aumentado\shampoo-H&S\aug_4_shampoo_002.jpg,0,0,0,0,0,0,0,0,1,0,0
Productos/Train_Aumentado\shampoo-H&S\aug_4_shampoo_003.jpg,0,0,0,0,0,0,0,0,1,0,0
Productos/Train_Aumentado\shampoo-H&S\aug_4_shampoo_004.jpg,0,0,0,0,0,0,0,0,1,0,0
Productos/Train_Aumentado\shampoo-H&S\aug_4_shampoo_006.jpg,0,0,0,0,0,0,0,0,1,0,0
Productos/Train_Aumentado\shampoo-H&S\aug_4_shampoo_007.jpg,0,0,0,0,0,0,0,0,1,0,0
Productos/Train_Aumentado\shampoo-H&S\aug_4_shampoo_008.jpg,0,0,0,0,0,0,0,0,1,0,0
Productos/Train_Aumentado\shampoo-H&S\aug_4_shampoo_009.jpg,0,0,0,0,0,0,0,0,1,0,0
Productos/Train_Aumentado\shampoo-H&S\aug_4_shampoo_010.jpg,0,0,0,0,0,0,0,0,1,0,0
Productos/Train_Aumentado\shampoo-H&S\aug_4_shampoo_011.jpg,0,0,0,0,0,0,0,0,1,0,0
Productos/Train_Aumentado\shampoo-H&S\aug_4_shampoo_012.jpg,0,0,0,0,0,0,0,0,1,0,0
Productos/Train_Aumentado\shampoo-H&S\aug_4_shampoo_013.jpg,0,0,0,0,0,0,0,0,1,0,0
Productos/Train_Aumentado\shampoo-H&S\aug_4_shampoo_014.jpg,0,0,0,0,0,0,0,0,1,0,0
Productos/Train_Aumentado\shampoo-H&S\aug_4_shampoo_015.jpg,0,0,0,0,0,0,0,0,1,0,0
Productos/Train_Aumentado\shampoo-H&S\aug_4_shampoo_016.jpeg,0,0,0,0,0,0,0,0,1,0,0
Productos/Train_Aumentado\shampoo-H&S\aug_5_shampoo_001.jpg,0,0,0,0,0,0,0,0,1,0,0
Productos/Train_Aumentado\shampoo-H&S\aug_5_shampoo_002.jpg,0,0,0,0,0,0,0,0,1,0,0
Productos/Train_Aumentado\shampoo-H&S\aug_5_shampoo_004.jpg,0,0,0,0,0,0,0,0,1,0,0
Productos/Train_Aumentado\shampoo-H&S\aug_5_shampoo_005.jpg,0,0,0,0,0,0,0,0,1,0,0
Productos/Train_Aumentado\shampoo-H&S\aug_5_shampoo_006.jpg,0,0,0,0,0,0,0,0,1,0,0
Productos/Train_Aumentado\shampoo-H&S\aug_5_shampoo_007.jpg,0,0,0,0,0,0,0,0,1,0,0
Productos/Train_Aumentado\shampoo-H&S\aug_5_shampoo_008.jpg,0,0,0,0,0,0,0,0,1,0,0
Productos/Train_Aumentado\shampoo-H&S\aug_5_shampoo_009.jpg,0,0,0,0,0,0,0,0,1,0,0
Productos/Train_Aumentado\shampoo-H&S\aug_5_shampoo_011.jpg,0,0,0,0,0,0,0,0,1,0,0
Productos/Train_Aumentado\shampoo-H&S\aug_5_shampoo_012.jpg,0,0,0,0,0,0,0,0,1,0,0
Productos/Train_Aumentado\shampoo-H&S\aug_5_shampoo_013.jpg,0,0,0,0,0,0,0,0,1,0,0
Productos/Train_Aumentado\shampoo-H&S\aug_5_shampoo_014.jpg,0,0,0,0,0,0,0,0,1,0,0
Productos/Train_Aumentado\shampoo-H&S\aug_5_shampoo_015.jpg,0,0,0,0,0,0,0,0,1,0,0
Productos/Train_Aumentado\shampoo-H&S\aug_5_shampoo_016.jpeg,0,0,0,0,0,0,0,0,1,0,0
Productos/Train_Aumentado\tea\aug_0_tea_001.jpg,0,0,0,0,0,0,0,0,0,1,0
Productos/Train_Aumentado\tea\aug_0_tea_002.jpg,0,0,0,0,0,0,0,0,0,1,0
Productos/Train_Aumentado\tea\aug_0_tea_003.jpg,0,0,0,0,0,0,0,0,0,1,0
Productos/Train_Aumentado\tea\aug_0_tea_004.jpg,0,0,0,0,0,0,0,0,0,1,0
Productos/Train_Aumentado\tea\aug_0_tea_005.jpg,0,0,0,0,0,0,0,0,0,1,0
Productos/Train_Aumentado\tea\aug_0_tea_006.jpg,0,0,0,0,0,0,0,0,0,1,0
Productos/Train_Aumentado\tea\aug_0_tea_007.jpg,0,0,0,0,0,0,0,0,0,1,0
Productos/Train_Aumentado\tea\aug_0_tea_008.jpg,0,0,0,0,0,0,0,0,0,1,0
Productos/Train_Aumentado\tea\aug_0_tea_009.jpg,0,0,0,0,0,0,0,0,0,1,0
Productos/Train_Aumentado\tea\aug_0_tea_010.jpg,0,0,0,0,0,0,0,0,0,1,0
Productos/Train_Aumentado\tea\aug_0_tea_011.jpg,0,0,0,0,0,0,0,0,0,1,0
Productos/Train_Aumentado\tea\aug_0_tea_012.jpg,0,0,0,0,0,0,0,0,0,1,0
Productos/Train_Aumentado\tea\aug_0_tea_013.jpg,0,0,0,0,0,0,0,0,0,1,0
Productos/Train_Aumentado\tea\aug_0_tea_014.jpg,0,0,0,0,0,0,0,0,0,1,0
Productos/Train_Aumentado\tea\aug_0_tea_015.jpg,0,0,0,0,0,0,0,0,0,1,0
Productos/Train_Aumentado\tea\aug_1_tea_001.jpg,0,0,0,0,0,0,0,0,0,1,0
Productos/Train_Aumentado\tea\aug_1_tea_002.jpg,0,0,0,0,0,0,0,0,0,1,0
Productos/Train_Aumentado\tea\aug_1_tea_003.jpg,0,0,0,0,0,0,0,0,0,1,0
Productos/Train_Aumentado\tea\aug_1_tea_004.jpg,0,0,0,0,0,0,0,0,0,1,0
Productos/Train_Aumentado\tea\aug_1_tea_005.jpg,0,0,0,0,0,0,0,0,0,1,0
Productos/Train_Aumentado\tea\aug_1_tea_006.jpg,0,0,0,0,0,0,0,0,0,1,0
Productos/Train_Aumentado\tea\aug_1_tea_007.jpg,0,0,0,0,0,0,0,0,0,1,0
Productos/Train_Aumentado\tea\aug_1_tea_008.jpg,0,0,0,0,0,0,0,0,0,1,0
Productos/Train_Aumentado\tea\aug_1_tea_009.jpg,0,0,0,0,0,0,0,0,0,1,0
Productos/Train_Aumentado\tea\aug_1_tea_010.jpg,0,0,0,0,0,0,0,0,0,1,0
Productos/Train_Aumentado\tea\aug_1_tea_011.jpg,0,0,0,0,0,0,0,0,0,1,0
Productos/Train_Aumentado\tea\aug_1_tea_012.jpg,0,0,0,0,0,0,0,0,0,1,0
Productos/Train_Aumentado\tea\aug_1_tea_013.jpg,0,0,0,0,0,0,0,0,0,1,0
Productos/Train_Aumentado\tea\aug_1_tea_014.jpg,0,0,0,0,0,0,0,0,0,1,0
Productos/Train_Aumentado\tea\aug_1_tea_015.jpg,0,0,0,0,0,0,0,0,0,1,0
Productos/Train_Aumentado\tea\aug_2_tea_001.jpg,0,0,0,0,0,0,0,0,0,1,0
Productos/Train_Aumentado\tea\aug_2_tea_002.jpg,0,0,0,0,0,0,0,0,0,1,0
Productos/Train_Aumentado\tea\aug_2_tea_003.jpg,0,0,0,0,0,0,0,0,0,1,0
Productos/Train_Aumentado\tea\aug_2_tea_004.jpg,0,0,0,0,0,0,0,0,0,1,0
Productos/Train_Aumentado\tea\aug_2_tea_005.jpg,0,0,0,0,0,0,0,0,0,1,0
Productos/Train_Aumentado\tea\aug_2_tea_006.jpg,0,0,0,0,0,0,0,0,0,1,0
Productos/Train_Aumentado\tea\aug_2_tea_007.jpg,0,0,0,0,0,0,0,0,0,1,0
Productos/Train_Aumentado\tea\aug_2_tea_008.jpg,0,0,0,0,0,0,0,0,0,1,0
Productos/Train_Aumentado\tea\aug_2_tea_009.jpg,0,0,0,0,0,0,0,0,0,1,0
Productos/Train_Aumentado\tea\aug_2_tea_010.jpg,0,0,0,0,0,0,0,0,0,1,0
Productos/Train_Aumentado\tea\aug_2_tea_011.jpg,0,0,0,0,0,0,0,0,0,1,0
Productos/Train_Aumentado\tea\aug_2_tea_012.jpg,0,0,0,0,0,0,0,0,0,1,0
Productos/Train_Aumentado\tea\aug_2_tea_013.jpg,0,0,0,0,0,0,0,0,0,1,0
Productos/Train_Aumentado\tea\aug_2_tea_014.jpg,0,0,0,0,0,0,0,0,0,1,0
Productos/Train_Aumentado\tea\aug_2_tea_015.jpg,0,0,0,0,0,0,0,0,0,1,0
Productos/Train_Aumentado\tea\aug_3_tea_001.jpg,0,0,0,0,0,0,0,0,0,1,0
Productos/Train_Aumentado\tea\aug_3_tea_002.jpg,0,0,0,0,0,0,0,0,0,1,0
Productos/Train_Aumentado\tea\aug_3_tea_003.jpg,0,0,0,0,0,0,0,0,0,1,0
Productos/Train_Aumentado\tea\aug_3_tea_004.jpg,0,0,0,0,0,0,0,0,0,1,0
Productos/Train_Aumentado\tea\aug_3_tea_005.jpg,0,0,0,0,0,0,0,0,0,1,0
Productos/Train_Aumentado\tea\aug_3_tea_006.jpg,0,0,0,0,0,0,0,0,0,1,0
Productos/Train_Aumentado\tea\aug_3_tea_007.jpg,0,0,0,0,0,0,0,0,0,1,0
Productos/Train_Aumentado\tea\aug_3_tea_008.jpg,0,0,0,0,0,0,0,0,0,1,0
Productos/Train_Aumentado\tea\aug_3_tea_009.jpg,0,0,0,0,0,0,0,0,0,1,0
Productos/Train_Aumentado\tea\aug_3_tea_010.jpg,0,0,0,0,0,0,0,0,0,1,0
Productos/Train_Aumentado\tea\aug_3_tea_011.jpg,0,0,0,0,0,0,0,0,0,1,0
Productos/Train_Aumentado\tea\aug_3_tea_012.jpg,0,0,0,0,0,0,0,0,0,1,0
Productos/Train_Aumentado\tea\aug_3_tea_013.jpg,0,0,0,0,0,0,0,0,0,1,0
Productos/Train_Aumentado\tea\aug_3_tea_014.jpg,0,0,0,0,0,0,0,0,0,1,0
Productos/Train_Aumentado\tea\aug_3_tea_015.jpg,0,0,0,0,0,0,0,0,0,1,0
Productos/Train_Aumentado\tea\aug_4_tea_001.jpg,0,0,0,0,0,0,0,0,0,1,0
Productos/Train_Aumentado\tea\aug_4_tea_002.jpg,0,0,0,0,0,0,0,0,0,1,0
Productos/Train_Aumentado\tea\aug_4_tea_003.jpg,0,0,0,0,0,0,0,0,0,1,0
Productos/Train_Aumentado\tea\aug_4_tea_004.jpg,0,0,0,0,0,0,0,0,0,1,0
Productos/Train_Aumentado\tea\aug_4_tea_005.jpg,0,0,0,0,0,0,0,0,0,1,0
Productos/Train_Aumentado\tea\aug_4_tea_006.jpg,0,0,0,0,0,0,0,0,0,1,0
Productos/Train_Aumentado\tea\aug_4_tea_007.jpg,0,0,0,0,0,0,0,0,0,1,0
Productos/Train_Aumentado\tea\aug_4_tea_008.jpg,0,0,0,0,0,0,0,0,0,1,0
Productos/Train_Aumentado\tea\aug_4_tea_009.jpg,0,0,0,0,0,0,0,0,0,1,0
Productos/Train_Aumentado\tea\aug_4_tea_010.jpg,0,0,0,0,0,0,0,0,0,1,0
Productos/Train_Aumentado\tea\aug_4_tea_011.jpg,0,0,0,0,0,0,0,0,0,1,0
Productos/Train_Aumentado\tea\aug_4_tea_012.jpg,0,0,0,0,0,0,0,0,0,1,0
Productos/Train_Aumentado\tea\aug_4_tea_013.jpg,0,0,0,0,0,0,0,0,0,1,0
Productos/Train_Aumentado\tea\aug_4_tea_014.jpg,0,0,0,0,0,0,0,0,0,1,0
Productos/Train_Aumentado\tea\aug_4_tea_015.jpg,0,0,0,0,0,0,0,0,0,1,0
Productos/Train_Aumentado\tea\aug_5_tea_001.jpg,0,0,0,0,0,0,0,0,0,1,0
Productos/Train_Aumentado\tea\aug_5_tea_002.jpg,0,0,0,0,0,0,0,0,0,1,0
Productos/Train_Aumentado\tea\aug_5_tea_003.jpg,0,0,0,0,0,0,0,0,0,1,0
Productos/Train_Aumentado\tea\aug_5_tea_004.jpg,0,0,0,0,0,0,0,0,0,1,0
Productos/Train_Aumentado\tea\aug_5_tea_005.jpg,0,0,0,0,0,0,0,0,0,1,0
Productos/Train_Aumentado\tea\aug_5_tea_006.jpg,0,0,0,0,0,0,0,0,0,1,0
Productos/Train_Aumentado\tea\aug_5_tea_007.jpg,0,0,0,0,0,0,0,0,0,1,0
Productos/Train_Aumentado\tea\aug_5_tea_008.jpg,0,0,0,0,0,0,0,0,0,1,0
Productos/Train_Aumentado\tea\aug_5_tea_009.jpg,0,0,0,0,0,0,0,0,0,1,0
Productos/Train_Aumentado\tea\aug_5_tea_010.jpg,0,0,0,0,0,0,0,0,0,1,0
Productos/Train_Aumentado\tea\aug_5_tea_011.jpg,0,0,0,0,0,0,0,0,0,1,0
Productos/Train_Aumentado\tea\aug_5_tea_012.jpg,0,0,0,0,0,0,0,0,0,1,0
Productos/Train_Aumentado\tea\aug_5_tea_013.jpg,0,0,0,0,0,0,0,0,0,1,0
Productos/Train_Aumentado\tea\aug_5_tea_014.jpg,0,0,0,0,0,0,0,0,0,1,0
Productos/Train_Aumentado\tea\aug_5_tea_015.jpg,0,0,0,0,0,0,0,0,0,1,0
Productos/Train_Aumentado\yogurt-toni-mix\aug_0_toni_mix_001.jpg,0,0,0,0,0,0,0,0,0,0,1
Productos/Train_Aumentado\yogurt-toni-mix\aug_0_toni_mix_002.jpg,0,0,0,0,0,0,0,0,0,0,1
Productos/Train_Aumentado\yogurt-toni-mix\aug_0_toni_mix_003.jpg,0,0,0,0,0,0,0,0,0,0,1
Productos/Train_Aumentado\yogurt-toni-mix\aug_0_toni_mix_004.jpg,0,0,0,0,0,0,0,0,0,0,1
Productos/Train_Aumentado\yogurt-toni-mix\aug_0_toni_mix_005.jpg,0,0,0,0,0,0,0,0,0,0,1
Productos/Train_Aumentado\yogurt-toni-mix\aug_0_toni_mix_006.jpg,0,0,0,0,0,0,0,0,0,0,1
Productos/Train_Aumentado\yogurt-toni-mix\aug_0_toni_mix_007.jpg,0,0,0,0,0,0,0,0,0,0,1
Productos/Train_Aumentado\yogurt-toni-mix\aug_0_toni_mix_008.jpg,0,0,0,0,0,0,0,0,0,0,1
Productos/Train_Aumentado\yogurt-toni-mix\aug_0_toni_mix_009.jpg,0,0,0,0,0,0,0,0,0,0,1
Productos/Train_Aumentado\yogurt-toni-mix\aug_0_toni_mix_010.jpg,0,0,0,0,0,0,0,0,0,0,1
Productos/Train_Aumentado\yogurt-toni-mix\aug_0_toni_mix_011.jpg,0,0,0,0,0,0,0,0,0,0,1
Productos/Train_Aumentado\yogurt-toni-mix\aug_0_toni_mix_012.jpg,0,0,0,0,0,0,0,0,0,0,1
Productos/Train_Aumentado\yogurt-toni-mix\aug_0_toni_mix_013.jpg,0,0,0,0,0,0,0,0,0,0,1
Productos/Train_Aumentado\yogurt-toni-mix\aug_0_toni_mix_014.jpg,0,0,0,0,0,0,0,0,0,0,1
Productos/Train_Aumentado\yogurt-toni-mix\aug_0_toni_mix_015.jpg,0,0,0,0,0,0,0,0,0,0,1
Productos/Train_Aumentado\yogurt-toni-mix\aug_0_toni_mix_017.jpg,0,0,0,0,0,0,0,0,0,0,1
Productos/Train_Aumentado\yogurt-toni-mix\aug_1_toni_mix_001.jpg,0,0,0,0,0,0,0,0,0,0,1
Productos/Train_Aumentado\yogurt-toni-mix\aug_1_toni_mix_002.jpg,0,0,0,0,0,0,0,0,0,0,1
Productos/Train_Aumentado\yogurt-toni-mix\aug_1_toni_mix_004.jpg,0,0,0,0,0,0,0,0,0,0,1
Productos/Train_Aumentado\yogurt-toni-mix\aug_1_toni_mix_005.jpg,0,0,0,0,0,0,0,0,0,0,1
Productos/Train_Aumentado\yogurt-toni-mix\aug_1_toni_mix_006.jpg,0,0,0,0,0,0,0,0,0,0,1
Productos/Train_Aumentado\yogurt-toni-mix\aug_1_toni_mix_007.jpg,0,0,0,0,0,0,0,0,0,0,1
Productos/Train_Aumentado\yogurt-toni-mix\aug_1_toni_mix_008.jpg,0,0,0,0,0,0,0,0,0,0,1
Productos/Train_Aumentado\yogurt-toni-mix\aug_1_toni_mix_009.jpg,0,0,0,0,0,0,0,0,0,0,1
Productos/Train_Aumentado\yogurt-toni-mix\aug_1_toni_mix_010.jpg,0,0,0,0,0,0,0,0,0,0,1
Productos/Train_Aumentado\yogurt-toni-mix\aug_1_toni_mix_011.jpg,0,0,0,0,0,0,0,0,0,0,1
Productos/Train_Aumentado\yogurt-toni-mix\aug_1_toni_mix_012.jpg,0,0,0,0,0,0,0,0,0,0,1
Productos/Train_Aumentado\yogurt-toni-mix\aug_1_toni_mix_013.jpg,0,0,0,0,0,0,0,0,0,0,1
Productos/Train_Aumentado\yogurt-toni-mix\aug_1_toni_mix_014.jpg,0,0,0,0,0,0,0,0,0,0,1
Productos/Train_Aumentado\yogurt-toni-mix\aug_1_toni_mix_015.jpg,0,0,0,0,0,0,0,0,0,0,1
Productos/Train_Aumentado\yogurt-toni-mix\aug_1_toni_mix_016.jpg,0,0,0,0,0,0,0,0,0,0,1
Productos/Train_Aumentado\yogurt-toni-mix\aug_1_toni_mix_017.jpg,0,0,0,0,0,0,0,0,0,0,1
Productos/Train_Aumentado\yogurt-toni-mix\aug_2_toni_mix_001.jpg,0,0,0,0,0,0,0,0,0,0,1
Productos/Train_Aumentado\yogurt-toni-mix\aug_2_toni_mix_002.jpg,0,0,0,0,0,0,0,0,0,0,1
Productos/Train_Aumentado\yogurt-toni-mix\aug_2_toni_mix_004.jpg,0,0,0,0,0,0,0,0,0,0,1
Productos/Train_Aumentado\yogurt-toni-mix\aug_2_toni_mix_005.jpg,0,0,0,0,0,0,0,0,0,0,1
Productos/Train_Aumentado\yogurt-toni-mix\aug_2_toni_mix_006.jpg,0,0,0,0,0,0,0,0,0,0,1
Productos/Train_Aumentado\yogurt-toni-mix\aug_2_toni_mix_007.jpg,0,0,0,0,0,0,0,0,0,0,1
Productos/Train_Aumentado\yogurt-toni-mix\aug_2_toni_mix_008.jpg,0,0,0,0,0,0,0,0,0,0,1
Productos/Train_Aumentado\yogurt-toni-mix\aug_2_toni_mix_009.jpg,0,0,0,0,0,0,0,0,0,0,1
Productos/Train_Aumentado\yogurt-toni-mix\aug_2_toni_mix_010.jpg,0,0,0,0,0,0,0,0,0,0,1
Productos/Train_Aumentado\yogurt-toni-mix\aug_2_toni_mix_011.jpg,0,0,0,0,0,0,0,0,0,0,1
Productos/Train_Aumentado\yogurt-toni-mix\aug_2_toni_mix_012.jpg,0,0,0,0,0,0,0,0,0,0,1
Productos/Train_Aumentado\yogurt-toni-mix\aug_2_toni_mix_013.jpg,0,0,0,0,0,0,0,0,0,0,1
Productos/Train_Aumentado\yogurt-toni-mix\aug_2_toni_mix_014.jpg,0,0,0,0,0,0,0,0,0,0,1
Productos/Train_Aumentado\yogurt-toni-mix\aug_2_toni_mix_015.jpg,0,0,0,0,0,0,0,0,0,0,1
Productos/Train_Aumentado\yogurt-toni-mix\aug_2_toni_mix_016.jpg,0,0,0,0,0,0,0,0,0,0,1
Productos/Train_Aumentado\yogurt-toni-mix\aug_3_toni_mix_001.jpg,0,0,0,0,0,0,0,0,0,0,1
Productos/Train_Aumentado\yogurt-toni-mix\aug_3_toni_mix_002.jpg,0,0,0,0,0,0,0,0,0,0,1
Productos/Train_Aumentado\yogurt-toni-mix\aug_3_toni_mix_003.jpg,0,0,0,0,0,0,0,0,0,0,1
Productos/Train_Aumentado\yogurt-toni-mix\aug_3_toni_mix_004.jpg,0,0,0,0,0,0,0,0,0,0,1
Productos/Train_Aumentado\yogurt-toni-mix\aug_3_toni_mix_005.jpg,0,0,0,0,0,0,0,0,0,0,1
Productos/Train_Aumentado\yogurt-toni-mix\aug_3_toni_mix_006.jpg,0,0,0,0,0,0,0,0,0,0,1
Productos/Train_Aumentado\yogurt-toni-mix\aug_3_toni_mix_007.jpg,0,0,0,0,0,0,0,0,0,0,1
Productos/Train_Aumentado\yogurt-toni-mix\aug_3_toni_mix_008.jpg,0,0,0,0,0,0,0,0,0,0,1
Productos/Train_Aumentado\yogurt-toni-mix\aug_3_toni_mix_009.jpg,0,0,0,0,0,0,0,0,0,0,1
Productos/Train_Aumentado\yogurt-toni-mix\aug_3_toni_mix_011.jpg,0,0,0,0,0,0,0,0,0,0,1
Productos/Train_Aumentado\yogurt-toni-mix\aug_3_toni_mix_012.jpg,0,0,0,0,0,0,0,0,0,0,1
Productos/Train_Aumentado\yogurt-toni-mix\aug_3_toni_mix_013.jpg,0,0,0,0,0,0,0,0,0,0,1
Productos/Train_Aumentado\yogurt-toni-mix\aug_3_toni_mix_014.jpg,0,0,0,0,0,0,0,0,0,0,1
Productos/Train_Aumentado\yogurt-toni-mix\aug_3_toni_mix_015.jpg,0,0,0,0,0,0,0,0,0,0,1
Productos/Train_Aumentado\yogurt-toni-mix\aug_3_toni_mix_016.jpg,0,0,0,0,0,0,0,0,0,0,1
Productos/Train_Aumentado\yogurt-toni-mix\aug_4_toni_mix_001.jpg,0,0,0,0,0,0,0,0,0,0,1
Productos/Train_Aumentado\yogurt-toni-mix\aug_4_toni_mix_002.jpg,0,0,0,0,0,0,0,0,0,0,1
Productos/Train_Aumentado\yogurt-toni-mix\aug_4_toni_mix_003.jpg,0,0,0,0,0,0,0,0,0,0,1
Productos/Train_Aumentado\yogurt-toni-mix\aug_4_toni_mix_004.jpg,0,0,0,0,0,0,0,0,0,0,1
Productos/Train_Aumentado\yogurt-toni-mix\aug_4_toni_mix_005.jpg,0,0,0,0,0,0,0,0,0,0,1
Productos/Train_Aumentado\yogurt-toni-mix\aug_4_toni_mix_006.jpg,0,0,0,0,0,0,0,0,0,0,1
Productos/Train_Aumentado\yogurt-toni-mix\aug_4_toni_mix_007.jpg,0,0,0,0,0,0,0,0,0,0,1
Productos/Train_Aumentado\yogurt-toni-mix\aug_4_toni_mix_008.jpg,0,0,0,0,0,0,0,0,0,0,1
Productos/Train_Aumentado\yogurt-toni-mix\aug_4_toni_mix_009.jpg,0,0,0,0,0,0,0,0,0,0,1
Productos/Train_Aumentado\yogurt-toni-mix\aug_4_toni_mix_011.jpg,0,0,0,0,0,0,0,0,0,0,1
Productos/Train_Aumentado\yogurt-toni-mix\aug_4_toni_mix_012.jpg,0,0,0,0,0,0,0,0,0,0,1
Productos/Train_Aumentado\yogurt-toni-mix\aug_4_toni_mix_013.jpg,0,0,0,0,0,0,0,0,0,0,1
Productos/Train_Aumentado\yogurt-toni-mix\aug_4_toni_mix_014.jpg,0,0,0,0,0,0,0,0,0,0,1
Productos/Train_Aumentado\yogurt-toni-mix\aug_4_toni_mix_015.jpg,0,0,0,0,0,0,0,0,0,0,1
Productos/Train_Aumentado\yogurt-toni-mix\aug_4_toni_mix_016.jpg,0,0,0,0,0,0,0,0,0,0,1
Productos/Train_Aumentado\yogurt-toni-mix\aug_4_toni_mix_017.jpg,0,0,0,0,0,0,0,0,0,0,1
Productos/Train_Aumentado\yogurt-toni-mix\aug_5_toni_mix_002.jpg,0,0,0,0,0,0,0,0,0,0,1
Productos/Train_Aumentado\yogurt-toni-mix\aug_5_toni_mix_003.jpg,0,0,0,0,0,0,0,0,0,0,1
Productos/Train_Aumentado\yogurt-toni-mix\aug_5_toni_mix_005.jpg,0,0,0,0,0,0,0,0,0,0,1
Productos/Train_Aumentado\yogurt-toni-mix\aug_5_toni_mix_006.jpg,0,0,0,0,0,0,0,0,0,0,1
Productos/Train_Aumentado\yogurt-toni-mix\aug_5_toni_mix_007.jpg,0,0,0,0,0,0,0,0,0,0,1
Productos/Train_Aumentado\yogurt-toni-mix\aug_5_toni_mix_008.jpg,0,0,0,0,0,0,0,0,0,0,1
Productos/Train_Aumentado\yogurt-toni-mix\aug_5_toni_mix_009.jpg,0,0,0,0,0,0,0,0,0,0,1
Productos/Train_Aumentado\yogurt-toni-mix\aug_5_toni_mix_011.jpg,0,0,0,0,0,0,0,0,0,0,1
Productos/Train_Aumentado\yogurt-toni-mix\aug_5_toni_mix_012.jpg,0,0,0,0,0,0,0,0,0,0,1
Productos/Train_Aumentado\yogurt-toni-mix\aug_5_toni_mix_013.jpg,0,0,0,0,0,0,0,0,0,0,1
Productos/Train_Aumentado\yogurt-toni-mix\aug_5_toni_mix_015.jpg,0,0,0,0,0,0,0,0,0,0,1
Productos/Train_Aumentado\yogurt-toni-mix\aug_5_toni_mix_016.jpg,0,0,0,0,0,0,0,0,0,0,1
